,hospital_only,hglm,nn
0,-1.8638477,-2.7540073,-1.8007532
1,-1.8682586,-2.5192692,-1.6213944
2,-1.8414692,-2.361102,-1.5965595
3,-2.1902282,-2.895209,-1.8720708
4,-2.0550423,-2.8593793,-1.8854686
5,-1.8389058,-2.6049964,-1.7255712
6,-2.0499892,-2.9376385,-1.8244013
7,-2.1119902,-2.7318234,-1.7582909
8,-1.7912863,-2.724349,-1.7510911
9,-1.5017269,-2.2331858,-1.5903364
10,-2.413663,-2.848972,-1.829246
11,-1.9992442,-2.6526716,-1.8360616
12,-1.795898,-2.6628988,-1.7369622
13,-1.8022227,-2.674696,-1.8130453
14,-2.0116284,-2.828161,-1.846826
15,-1.8380342,-2.4471698,-1.6423289
16,-2.0972483,-2.8396533,-1.8135035
17,-1.628211,-2.458317,-1.6129881
18,-1.9314069,-2.5950835,-1.8044192
19,-2.0291665,-2.703921,-1.8193923
20,-1.9340339,-2.7006204,-1.8672361
21,-2.0163035,-2.7611206,-1.8217783
22,-2.0013518,-2.7744884,-1.8934685
23,-1.8274031,-2.6728942,-1.833118
24,-2.0267584,-2.789235,-1.8491633
25,-1.8460245,-2.5332198,-1.7205974
26,-2.063284,-3.003759,-2.0644226
27,-2.0002298,-2.606712,-1.8078966
28,-1.8538831,-2.6722214,-1.8061675
29,-1.4558847,-2.0667417,-1.4083667
30,-1.7305765,-2.5204792,-1.6639861
31,-2.0415099,-2.6845262,-1.7985761
32,-2.1841984,-2.8097098,-1.8187548
33,-2.0175283,-2.7407105,-1.8406985
34,-2.1633008,-3.0653949,-1.9505138
35,-1.6786774,-2.209842,-1.4362822
36,-1.7835032,-2.6413326,-1.7927738
37,-2.1119258,-2.8535426,-2.026914
38,-1.9101646,-2.6320784,-1.7889434
39,-2.0535636,-2.9335232,-1.9580703
40,-2.0785224,-2.7379372,-1.870234
41,-1.8434414,-2.3395636,-1.600093
42,-1.9544926,-2.7127397,-1.8085915
43,-1.8688161,-2.528937,-1.6908258
44,-1.9914753,-2.7167523,-1.8183544
45,-1.858217,-2.5317094,-1.7306151
46,-1.7588692,-2.5391943,-1.7166975
47,-1.8497363,-2.5613358,-1.7691878
48,-1.8862427,-2.7072368,-1.7951568
49,-2.1284182,-3.0874243,-2.011904
50,-2.076437,-2.6809988,-1.7899978
51,-1.9374071,-2.4918847,-1.6448771
52,-2.165537,-2.8373194,-1.8908229
53,-2.013492,-2.8707836,-1.8348533
54,-1.8748493,-2.691309,-1.7804327
55,-1.8308359,-2.5576758,-1.7653955
56,-2.0397246,-2.8586137,-1.8833432
57,-1.8774203,-2.7522094,-1.824823
58,-1.6654357,-2.588055,-1.7931367
59,-1.8816668,-2.6039732,-1.7835749
60,-2.0943089,-2.9285264,-1.9922315
61,-1.9265395,-2.8319654,-1.9291143
62,-1.9830508,-2.694486,-1.8360578
63,-2.050874,-2.8841507,-2.0002427
64,-1.8474679,-2.480909,-1.7572333
65,-2.1001372,-2.6337645,-1.774225
66,-1.763361,-2.3283505,-1.6554514
67,-2.1100082,-2.8934152,-1.96445
68,-2.1774645,-3.1164846,-1.839043
69,-1.9741389,-2.7858188,-1.8365378
70,-1.8381314,-2.3584273,-1.6248207
71,-1.690696,-2.4303741,-1.6550257
72,-2.199819,-2.7776306,-1.866866
73,-2.0476809,-2.7385094,-1.8516262
74,-1.8891313,-2.6924274,-1.7952642
75,-2.0142872,-2.851822,-1.9549032
76,-1.9845558,-2.5377665,-1.6679701
77,-1.9384463,-2.738036,-1.9203796
78,-1.7196941,-2.4319165,-1.6651427
79,-2.0028117,-2.6136415,-1.8260702
80,-1.856685,-2.3836496,-1.5457478
81,-1.7943151,-2.5201874,-1.7137687
82,-2.026702,-2.788802,-1.8804396
83,-1.9049715,-2.5354838,-1.7419709
84,-2.066437,-2.794866,-1.9309293
85,-1.6148629,-2.5272546,-1.7951821
86,-1.673491,-2.6814663,-1.7660465
87,-2.0016026,-2.857087,-1.8931525
88,-1.8312124,-2.1822104,-1.6031488
89,-1.9074736,-2.507201,-1.7533693
90,-1.8766348,-2.5642285,-1.838952
91,-1.9470873,-2.5009265,-1.6802387
92,-1.6989565,-2.4005225,-1.6004243
93,-1.9577672,-2.7549686,-1.834439
94,-1.9994669,-2.7853715,-1.8866408
95,-1.8666013,-2.7630663,-1.8409524
96,-2.1897805,-2.6730068,-1.7596475
97,-2.1880794,-2.841347,-1.8219638
98,-2.1176322,-2.6456199,-1.756618
99,-1.8848189,-2.8339703,-1.8701873
100,-2.0034332,-2.8247354,-1.850052
101,-1.7953928,-2.3627098,-1.6163746
102,-1.7337086,-2.42277,-1.6163635
103,-1.9696602,-2.5750272,-1.7972456
104,-1.6440521,-2.5422246,-1.7907778
105,-1.9144331,-2.8138661,-1.8339615
106,-2.2977223,-3.022915,-2.0386882
107,-1.9497027,-2.7520025,-1.8501374
108,-2.141586,-2.712581,-1.831307
109,-2.0198338,-2.8887396,-1.850177
110,-2.0047674,-2.8104024,-1.86309
111,-1.9856961,-2.8182888,-1.837508
112,-1.7475445,-2.52327,-1.6130477
113,-1.9868762,-2.7570746,-1.8192048
114,-2.389603,-3.1726584,-1.8397231
115,-2.1575155,-3.103291,-2.0422418
116,-1.777359,-2.5570254,-1.7674047
117,-1.6766129,-2.3748662,-1.5499933
118,-1.9110545,-2.515698,-1.7676032
119,-1.884708,-2.7143939,-1.8460503
120,-1.9470774,-2.5894144,-1.6961648
121,-2.0178492,-2.8275237,-1.8535672
122,-1.6684802,-2.393355,-1.4876063
123,-2.1500468,-2.8366742,-1.9078912
124,-1.7534947,-2.5963476,-1.7024676
125,-2.0160613,-2.878915,-1.868478
126,-1.8930477,-2.4867682,-1.678079
127,-1.9419216,-2.7633312,-1.8445749
128,-1.911182,-2.034989,-1.3388113
129,-2.0257404,-2.8259974,-1.9120331
130,-1.9255869,-2.7332578,-1.8385919
131,-2.1041439,-3.0268633,-1.9052854
132,-2.0100725,-2.7222252,-1.8211693
133,-1.8024782,-2.4494905,-1.7275324
134,-2.1450458,-2.807006,-1.9477004
135,-1.8616259,-2.5958598,-1.719962
136,-1.8007782,-2.5701215,-1.7391442
137,-1.9910204,-2.8012352,-1.8686996
138,-1.8055215,-2.5198324,-1.6932997
139,-2.0692854,-2.7649615,-1.8143198
140,-2.1002665,-2.7837603,-1.9204404
141,-2.0900161,-2.750133,-1.8477244
142,-2.016195,-2.6305227,-1.7435038
143,-2.0351717,-2.9423,-1.890958
144,-2.1360154,-2.62685,-1.7973616
145,-1.8053899,-2.5086083,-1.7781016
146,-1.9261153,-2.6423612,-1.7744412
147,-1.7707729,-2.5618181,-1.7777916
148,-1.8983623,-2.5736082,-1.7673645
149,-1.8522128,-2.6564565,-1.7294425
150,-1.7473797,-2.6090372,-1.7548497
151,-2.0650213,-2.9668834,-1.8975257
152,-2.1380374,-2.9632292,-1.8892552
153,-1.9741836,-2.6987047,-1.8045589
154,-2.074833,-2.826393,-1.9038931
155,-1.9915358,-2.5441282,-1.7830429
156,-1.5626872,-2.4923954,-1.632121
157,-2.013082,-2.7605145,-1.8571371
158,-2.0916772,-2.9886801,-1.985767
159,-2.0655203,-2.7564936,-1.9237514
160,-1.8260645,-2.5222173,-1.6885802
161,-2.0967822,-2.6590965,-1.7985533
162,-1.9703276,-2.6196885,-1.787115
163,-1.8493196,-2.7298052,-1.8611951
164,-2.0539606,-2.8416543,-1.8530102
165,-2.0955994,-2.8072631,-1.9203601
166,-2.0851734,-3.0603588,-1.9745891
167,-1.8708514,-2.6159148,-1.7307312
168,-1.9865915,-2.6238341,-1.7646134
169,-2.0268507,-2.9627411,-1.836941
170,-2.0478113,-2.7538912,-1.8256968
171,-1.8528322,-2.4728928,-1.6959943
172,-1.8932325,-2.8503745,-1.9268628
173,-1.7093067,-2.5495224,-1.6664859
174,-1.9157696,-2.7229552,-1.8853704
175,-1.9246576,-2.4549427,-1.7434914
176,-2.0215092,-2.7899692,-1.8842928
177,-2.0000129,-2.8137808,-1.9386652
178,-2.013809,-3.0317655,-1.8669397
179,-1.7741497,-2.6070633,-1.8015127
180,-1.5690092,-2.3389425,-1.7799617
181,-2.0425558,-2.9799109,-1.924437
182,-1.797182,-2.297625,-1.6334324
183,-1.9043462,-2.4144607,-1.5247827
184,-1.9644878,-2.804969,-1.8327606
185,-1.972537,-2.6823826,-1.7638451
186,-2.0989997,-2.9048834,-1.8485135
187,-1.7835658,-2.574194,-1.7447447
188,-2.0812116,-2.8613992,-1.909719
189,-1.8581446,-2.3852422,-1.7039026
190,-2.1139,-2.8831828,-1.9696386
191,-1.8751351,-2.5237126,-1.7361908
192,-1.8632969,-2.665787,-1.787975
193,-2.014735,-3.0363336,-1.8710027
194,-2.0384493,-2.7094235,-1.8407719
195,-1.8207933,-2.577262,-1.8125569
196,-1.6816964,-2.4713662,-1.7187705
197,-2.0767043,-2.7441773,-1.8424488
198,-2.1488047,-2.7544568,-1.8461635
199,-1.7898061,-2.5664449,-1.6526799
200,-2.0999093,-2.934258,-1.9696509
201,-1.9767646,-2.896601,-1.9107704
202,-2.01037,-2.7593071,-1.8184441
203,-1.6098896,-2.433168,-1.5566291
204,-1.9403723,-2.6140344,-1.7833027
205,-2.009521,-2.8510575,-1.8315907
206,-1.705292,-2.4068432,-1.6327986
207,-2.0163736,-2.9472964,-1.867102
208,-1.9972398,-2.6903088,-1.7849445
209,-1.9828893,-2.847961,-1.9484254
210,-1.9784615,-2.6369042,-1.7619588
211,-1.9887111,-2.6677096,-1.7892272
212,-1.9886457,-2.9975429,-1.8389758
213,-1.9376719,-2.7431152,-1.8830948
214,-2.004163,-2.6683562,-1.8426791
215,-1.9855086,-2.8140922,-1.9770521
216,-1.8128399,-2.6906106,-1.7838063
217,-1.8801138,-2.684775,-1.820921
218,-2.1700435,-2.9807837,-1.9603802
219,-2.0295665,-2.707947,-1.8047578
220,-1.9141145,-2.6416638,-1.8384845
221,-1.879509,-2.6645465,-1.7945539
222,-2.6221132,-2.9436061,-1.8732132
223,-2.0302238,-2.5501168,-1.7381774
224,-1.9266249,-2.4337957,-1.753045
225,-1.9287441,-2.5706122,-1.7797173
226,-2.047328,-2.8061314,-1.8177117
227,-1.835659,-2.4199383,-1.7131184
228,-1.9174916,-2.5195377,-1.7941064
229,-1.7596605,-2.5895782,-1.750952
230,-1.6173435,-2.469627,-1.5880486
231,-1.9110818,-2.6819968,-1.8085669
232,-1.9855655,-2.7596323,-1.8174379
233,-1.9729797,-2.6223104,-1.7710788
234,-1.966264,-2.722559,-1.84549
235,-1.906534,-2.6736004,-1.7796769
236,-1.999021,-2.7327137,-1.7980624
237,-1.9257873,-2.8557088,-1.8645613
238,-1.8441861,-2.6426558,-1.7528075
239,-1.8483196,-2.4920018,-1.7447119
240,-1.8462725,-2.5877943,-1.6814182
241,-1.8866189,-2.6393366,-1.7481012
242,-2.0478692,-2.5729356,-1.6896466
243,-1.8938816,-2.7948098,-1.8719599
244,-1.6400453,-2.1244159,-1.5722094
245,-2.065302,-2.8558025,-1.9189707
246,-1.9537255,-2.6376917,-1.7936312
247,-1.8751783,-2.4123232,-1.7484307
248,-1.5445688,-2.3575628,-1.7242682
249,-1.8739729,-2.4505765,-1.755521
250,-1.624181,-2.6794562,-1.7428343
251,-1.886609,-2.6221726,-1.7458408
252,-1.7792885,-2.484635,-1.663388
253,-2.1931448,-2.992443,-1.9835999
254,-1.5754379,-2.2838829,-1.4844952
255,-2.0062895,-2.791718,-1.8577509
256,-1.9413123,-2.365255,-1.6792461
257,-2.1882489,-2.883095,-1.9546273
258,-2.1319416,-3.1054864,-2.109028
259,-2.2793977,-2.9367523,-1.9292284
260,-1.7312477,-2.4532316,-1.6348572
261,-1.9461595,-2.8037872,-1.8488252
262,-2.077037,-2.960276,-1.8914102
263,-1.8665183,-2.6400518,-1.6976433
264,-2.0101902,-2.9958081,-1.886048
265,-2.0090003,-2.955376,-1.9067297
266,-1.8697602,-2.5097368,-1.6801151
267,-2.0008037,-2.714115,-1.8854711
268,-1.7067635,-2.304373,-1.527473
269,-1.9342545,-2.6798396,-1.8546659
270,-1.8277087,-2.8230438,-1.896233
271,-2.1041563,-3.0746365,-1.9539485
272,-2.0823007,-2.7784066,-1.8333944
273,-1.786568,-2.1057167,-1.5475941
274,-1.8866458,-2.5924737,-1.7927257
275,-1.7062382,-2.577859,-1.7105081
276,-1.8956352,-2.5196674,-1.7715758
277,-1.7514354,-2.494918,-1.7464075
278,-1.8480566,-2.684394,-1.8276347
279,-1.8796146,-1.9674994,-1.6189731
280,-1.9105723,-2.6771345,-1.7931371
281,-1.7479594,-2.4113517,-1.5849735
282,-1.9725264,-2.7594893,-1.7817808
283,-1.8372108,-2.7143083,-1.8102849
284,-1.8710859,-2.4308577,-1.5468993
285,-2.0132346,-2.7964425,-1.9403484
286,-2.104787,-2.767408,-1.8797262
287,-1.9562428,-2.6133235,-1.7871779
288,-1.6631608,-2.3075986,-1.6033002
289,-1.9841384,-2.8144133,-1.8816363
290,-2.1072419,-2.9405775,-1.9012258
291,-2.18015,-2.882054,-1.8491235
292,-1.6699748,-2.339754,-1.6222775
293,-2.1163762,-2.8398829,-1.8641255
294,-1.9453236,-2.6988728,-1.7971537
295,-1.7996463,-2.4524527,-1.6317611
296,-2.1498632,-2.903358,-1.8714621
297,-1.9891586,-2.6450167,-1.6954398
298,-1.6171774,-2.4425545,-1.597542
299,-1.872827,-2.7048905,-1.8038801
300,-2.0131724,-3.0614955,-1.9201128
301,-1.5832996,-2.4251587,-1.6020788
302,-2.081715,-2.9265428,-1.9227679
303,-1.7308161,-2.3812501,-1.591855
304,-1.9494888,-2.4767003,-1.6909618
305,-2.2681696,-3.0873735,-1.8381568
306,-1.770506,-2.5094905,-1.7449332
307,-2.0593429,-2.892094,-1.8872477
308,-2.1884341,-2.908003,-1.8358611
309,-1.9971287,-2.9157426,-1.8295981
310,-1.9838752,-2.652465,-1.8244545
311,-2.0455637,-2.7208722,-1.8485473
312,-1.6967051,-2.3915758,-1.628778
313,-2.1600814,-3.1032574,-1.9246824
314,-2.0047526,-2.8465636,-1.8464044
315,-2.083737,-2.8133323,-1.8610334
316,-1.8934844,-2.6230145,-1.8139316
317,-1.616027,-2.5132046,-1.862377
318,-1.65235,-2.451857,-1.6664342
319,-2.1721485,-2.8714495,-1.9735154
320,-1.8634702,-2.5746536,-1.6787407
321,-1.8182863,-2.572625,-1.764025
322,-1.8940046,-2.6569963,-1.7800145
323,-1.8238478,-2.441483,-1.6771173
324,-1.7167709,-2.4417055,-1.7543769
325,-2.1991553,-3.1729052,-2.0520365
326,-1.8788384,-2.5951245,-1.7625093
327,-1.8730942,-2.626794,-1.7288773
328,-2.000665,-2.3824792,-1.6470782
329,-1.9778535,-2.9012992,-1.8949666
330,-2.1443126,-2.800678,-1.8953352
331,-1.7210557,-2.5571513,-1.7906351
332,-2.0181563,-2.755831,-1.8633883
333,-2.0571404,-2.6891453,-1.826227
334,-2.1468103,-3.1791048,-1.9330181
335,-2.0554094,-2.49371,-1.6349576
336,-1.7167633,-2.3953018,-1.5756059
337,-1.9302781,-2.7982385,-1.8172148
338,-1.910927,-2.6709542,-1.8290373
339,-1.9866965,-2.751792,-1.8561512
340,-1.8366184,-2.4415357,-1.7082337
341,-1.5516225,-2.182566,-1.5077815
342,-1.9052085,-2.8582559,-1.9242003
343,-1.8423733,-2.5255194,-1.7741792
344,-1.8205111,-2.3279195,-1.6861608
345,-1.7658161,-2.2531867,-1.6309874
346,-2.225585,-2.9350305,-1.9397118
347,-1.9729116,-2.5642416,-1.7768807
348,-1.7301844,-2.4529285,-1.6745429
349,-1.9632671,-2.5844653,-1.7109164
350,-1.9809331,-2.9277542,-1.8688439
351,-1.889554,-2.6585877,-1.7650193
352,-2.0059347,-2.6167545,-1.8359218
353,-2.344948,-3.140193,-1.9339079
354,-2.0657701,-2.7619634,-1.8234935
355,-1.8814031,-2.4006672,-1.6854783
356,-1.9386483,-2.6426091,-1.7658079
357,-1.8886086,-2.8278205,-1.9318815
358,-1.9778847,-2.5518498,-1.7300678
359,-1.9246231,-2.4425702,-1.7557526
360,-1.8145368,-2.3388848,-1.6094027
361,-1.993178,-3.053449,-1.919108
362,-1.905297,-2.6625464,-1.7829593
363,-1.8786383,-2.8285906,-1.8865892
364,-1.8142681,-2.467403,-1.6322818
365,-1.9168121,-2.8051414,-1.9693482
366,-1.6907384,-2.3787394,-1.5420928
367,-2.0461144,-2.7816973,-1.9096128
368,-2.0251234,-2.6979213,-1.812804
369,-1.8299036,-2.4044406,-1.5871699
370,-1.8733385,-2.4427586,-1.7301322
371,-1.8219302,-2.4872007,-1.6668177
372,-2.0321116,-2.5988963,-1.7336645
373,-1.998819,-2.6380765,-1.8225458
374,-1.8371912,-2.7545042,-1.7800475
375,-2.1282763,-2.952689,-1.9206045
376,-1.6979249,-2.498247,-1.6681738
377,-1.8841794,-2.5793834,-1.8180735
378,-1.9875078,-2.7426386,-1.841702
379,-1.9180624,-2.6606798,-1.815866
380,-1.7423656,-2.6265578,-1.7830086
381,-2.0302048,-2.9808745,-1.8934441
382,-1.9982352,-2.6157954,-1.7025592
383,-1.9537667,-2.747121,-1.8552855
384,-2.1790771,-2.8802824,-1.7984694
385,-2.0158262,-2.848164,-1.8487196
386,-2.0140913,-2.7704415,-1.8694247
387,-2.2117786,-2.882221,-1.9168831
388,-1.6340435,-2.3929057,-1.6466744
389,-1.9431671,-2.5226421,-1.7367303
390,-2.1084177,-2.8058429,-1.9209517
391,-2.1615481,-3.170899,-1.9547156
392,-1.827267,-2.5245225,-1.7653353
393,-2.0091581,-2.9437838,-1.8597983
394,-1.8903364,-2.7903395,-1.8854032
395,-1.9183729,-2.749001,-1.8109593
396,-2.0156877,-2.7174513,-1.8841237
397,-1.9297712,-2.8338423,-1.862361
398,-1.8774294,-2.5573437,-1.7877291
399,-1.9092971,-2.3606308,-1.6793327
400,-2.0712004,-2.8988044,-1.9032398
401,-2.1186705,-2.858176,-1.9010625
402,-1.9385556,-2.7447877,-1.8270177
403,-1.974108,-2.8022518,-1.8114599
404,-2.0607376,-2.948786,-1.8570808
405,-1.8932636,-2.5894482,-1.7931117
406,-1.9698919,-2.6962752,-1.7850369
407,-2.04162,-2.7265782,-1.8337504
408,-1.8342177,-2.5110054,-1.6181674
409,-1.9130546,-2.4774702,-1.7012619
410,-1.7387199,-2.3559628,-1.6327513
411,-1.9622874,-2.6694996,-1.7472693
412,-1.8097727,-2.6032493,-1.7427876
413,-1.8499439,-2.6977537,-1.8656583
414,-1.6769989,-2.0648687,-1.5069783
415,-1.6143675,-2.6620657,-1.7636853
416,-1.9857446,-2.6841202,-1.7959249
417,-1.7908466,-2.427866,-1.6737521
418,-1.9204468,-2.6141086,-1.8693402
419,-1.6698575,-2.0945914,-1.588034
420,-1.9253701,-2.725858,-1.8917146
421,-2.076383,-2.9456525,-1.9906943
422,-1.907179,-2.681013,-1.7702193
423,-2.0596359,-2.68317,-1.8533239
424,-1.8872194,-2.6921587,-1.8242513
425,-1.9069173,-2.79425,-1.8626977
426,-1.7341354,-2.4613373,-1.6692654
427,-1.9522797,-2.6884332,-1.776559
428,-1.9257213,-2.6923614,-1.740717
429,-1.8030683,-2.5272658,-1.7082458
430,-1.9749215,-2.5091097,-1.7155282
431,-1.9364247,-2.605499,-1.7885646
432,-2.1217165,-2.9739826,-1.900685
433,-2.017024,-2.723527,-1.8457527
434,-2.0866904,-2.76516,-1.8869779
435,-1.8068199,-2.1490967,-1.6709691
436,-1.8499902,-2.6193805,-1.7562025
437,-2.0790794,-3.2084959,-1.9143236
438,-1.8338426,-2.5385041,-1.7491611
439,-1.9920683,-2.4057934,-1.6513021
440,-1.9715786,-2.611063,-1.7791489
441,-1.9387555,-2.5578415,-1.764425
442,-1.8895061,-2.5366406,-1.7095398
443,-2.09636,-2.8891952,-1.9485073
444,-2.0289063,-2.7788594,-1.9283726
445,-1.825951,-2.6531444,-1.7381709
446,-2.0994873,-3.0088322,-1.9130625
447,-2.3147652,-3.0908308,-1.8611069
448,-1.9969035,-2.7805257,-1.8291637
449,-1.9395677,-2.6108851,-1.7759244
450,-2.164759,-2.7348585,-1.7909923
451,-2.0706124,-2.858055,-2.0105402
452,-1.9586523,-2.8043103,-1.82462
453,-1.8339624,-2.6190495,-1.7577034
454,-1.8337201,-2.3338275,-1.7486552
455,-1.8212849,-2.4858081,-1.7235494
456,-1.8227813,-2.506257,-1.7076551
457,-2.1332858,-2.9262502,-1.9465908
458,-1.9362444,-2.6907778,-1.8239609
459,-1.9611187,-2.8391688,-1.9385211
460,-1.9739095,-2.637689,-1.8277309
461,-1.9835694,-2.2300687,-1.7253923
462,-1.9844755,-2.6019485,-1.6494298
463,-1.9286699,-2.5901062,-1.7723618
464,-1.9174367,-2.6932952,-1.7835124
465,-2.013577,-2.8687532,-1.9044192
466,-1.9684731,-2.602015,-1.7694309
467,-1.892207,-2.6518378,-1.7998627
468,-1.9240522,-2.7601843,-1.8154597
469,-1.9840589,-2.6354146,-1.7774544
470,-1.9715708,-2.8674927,-1.9101228
471,-2.3745477,-2.9401875,-2.017901
472,-1.9587005,-2.7996993,-1.8845371
473,-1.9628375,-2.8876693,-1.8807826
474,-1.9408163,-2.6444476,-1.7944261
475,-1.9948894,-2.7839139,-1.8103179
476,-2.0204773,-2.887584,-1.8299881
477,-2.4020188,-3.0184574,-1.887077
478,-1.8852395,-2.7040749,-1.8070722
479,-2.15762,-2.9555295,-1.8447812
480,-1.8879452,-2.675571,-1.8181361
481,-1.8274673,-2.6342862,-1.7664572
482,-1.8022348,-2.3769026,-1.5945773
483,-1.9792778,-2.8490813,-1.8921903
484,-1.8445956,-2.6231246,-1.7506112
485,-2.0416787,-2.6857793,-1.7925396
486,-1.857015,-2.2554348,-1.6831965
487,-1.9777529,-2.6850126,-1.8001385
488,-2.1156461,-3.234561,-1.8368462
489,-1.7563745,-2.2356439,-1.6248901
490,-2.219457,-2.8698647,-1.9071573
491,-2.0163438,-2.8481307,-1.9497811
492,-2.1210494,-2.85348,-1.9208215
493,-2.1105292,-2.8870642,-1.8875265
494,-2.0341775,-2.7258298,-1.793388
495,-2.1282911,-2.8218298,-1.8565831
496,-1.9481893,-2.4959452,-1.730168
497,-1.7685537,-2.6113405,-1.7854226
498,-2.0413904,-2.7696426,-1.9508431
499,-2.1754675,-2.8462226,-1.8782076
500,-2.0533128,-2.7844713,-1.8534567
501,-1.9320238,-2.5670063,-1.7622658
502,-1.9334469,-2.661519,-1.8158695
503,-1.6753078,-2.5855038,-1.7257487
504,-1.668214,-2.3084197,-1.5468575
505,-1.978351,-2.7310393,-1.7999156
506,-1.7587725,-2.4581716,-1.6468159
507,-1.9277588,-2.6391318,-1.7957243
508,-1.9383442,-2.942602,-1.8914666
509,-1.9034647,-2.5763798,-1.7594998
510,-1.7001944,-2.4785426,-1.6510394
511,-1.9592507,-2.9308987,-1.8694929
512,-1.7676711,-2.4555073,-1.7312936
513,-1.9530537,-2.5586293,-1.7316204
514,-2.0704174,-2.8039207,-1.895889
515,-1.910713,-2.4629965,-1.7144306
516,-2.078668,-2.8086884,-1.9130596
517,-1.9631414,-2.6359458,-1.8243518
518,-1.9335514,-2.4526784,-1.6268045
519,-2.313768,-2.994568,-1.9949508
520,-1.9611299,-2.8140755,-1.8554059
521,-1.9195085,-2.7036288,-1.8015714
522,-2.123628,-2.91723,-1.870376
523,-2.006768,-2.997464,-1.8444439
524,-1.7526379,-2.3586829,-1.5652498
525,-1.8502841,-2.467716,-1.6998973
526,-2.0069776,-2.8725228,-1.9001099
527,-1.8290278,-2.5218346,-1.7415547
528,-1.7956378,-2.6553323,-1.7646726
529,-1.8585819,-2.5770848,-1.7313325
530,-1.8542124,-2.6273313,-1.8424426
531,-1.9629687,-2.7551758,-1.8089279
532,-1.9814087,-2.7556822,-1.8891399
533,-2.1098812,-2.6092346,-1.7539364
534,-1.782506,-2.6838405,-1.8465306
535,-1.9942507,-2.6393762,-1.7858438
536,-2.0443347,-2.7949035,-1.8597556
537,-2.0024328,-2.7916915,-1.8611945
538,-1.7713561,-2.4373398,-1.6817122
539,-1.9991242,-2.639475,-1.8165948
540,-2.0993867,-2.9423757,-1.9287329
541,-1.9296613,-2.5856977,-1.7518954
542,-1.7822225,-2.5284839,-1.6788936
543,-2.0793576,-2.8262691,-1.8649262
544,-2.1093502,-2.8981287,-1.9126468
545,-2.0747151,-2.8054802,-1.8467547
546,-2.051277,-2.7528245,-1.833014
547,-1.7776365,-2.3322573,-1.6765238
548,-2.005139,-2.6275902,-1.7355306
549,-1.9668365,-2.586797,-1.6976894
550,-2.170087,-2.9163058,-1.9704046
551,-2.0513706,-2.7408364,-1.8309911
552,-2.0134478,-2.8902233,-1.9565322
553,-1.9954698,-2.729698,-1.8201625
554,-1.9059416,-2.7472312,-1.8603013
555,-2.0531273,-3.1248193,-1.8849683
556,-2.0842972,-2.745137,-1.8572992
557,-1.9837844,-2.6861482,-1.8503717
558,-2.029071,-2.736994,-1.8359885
559,-1.794411,-2.3540761,-1.6259309
560,-2.0324154,-2.7063017,-1.836784
561,-1.986235,-2.8415856,-1.8681427
562,-2.0006447,-2.779078,-1.8469582
563,-1.9521202,-2.6997335,-1.7957386
564,-1.7310574,-2.6124346,-1.8395935
565,-1.9173317,-2.5082111,-1.7942078
566,-1.9780782,-2.6986783,-1.8232726
567,-1.815237,-2.549919,-1.7195109
568,-1.9285957,-2.6795063,-1.791366
569,-1.9330174,-2.5940785,-1.7956014
570,-1.8087168,-2.2292275,-1.6530914
571,-1.8448169,-2.5884223,-1.763225
572,-1.981321,-2.7485092,-1.8583034
573,-2.3588896,-3.0724063,-2.1174045
574,-2.1902468,-3.0473306,-1.9330273
575,-2.0794387,-2.909544,-1.828795
576,-2.0195446,-2.7835999,-1.9023689
577,-2.0326695,-2.8933504,-1.8410883
578,-1.8329618,-2.587989,-1.7221617
579,-2.0046797,-2.7876918,-1.8586689
580,-1.9905576,-2.7834485,-1.9118569
581,-1.9534932,-2.669603,-1.8258857
582,-1.8776593,-2.5529232,-1.7673264
583,-1.9860684,-2.645362,-1.7829012
584,-1.8553044,-2.7698452,-1.8057108
585,-1.9226097,-2.5363624,-1.7146572
586,-1.9229083,-2.6624355,-1.7245988
587,-1.940991,-2.8015704,-1.8379571
588,-1.9257895,-2.6316564,-1.8016763
589,-1.5713979,-2.2647645,-1.5583487
590,-1.9379632,-2.660959,-1.7408855
591,-1.9029242,-2.648303,-1.8185769
592,-2.2016776,-2.8191516,-2.0458496
593,-1.7907023,-2.3814433,-1.5081071
594,-1.9629918,-2.7817652,-1.8180375
595,-1.9102068,-2.5246208,-1.7100699
596,-1.9323967,-2.6668267,-1.7466648
597,-1.9977752,-2.8749127,-1.8467301
598,-1.9552122,-2.5866804,-1.8238882
599,-1.8088007,-2.4074538,-1.611256
600,-1.8798969,-2.65383,-1.8238909
601,-1.8710752,-2.487276,-1.6329437
602,-1.8849251,-2.540779,-1.7133726
603,-1.7958646,-2.6887574,-1.835494
604,-1.9589763,-2.754673,-1.8656867
605,-1.9021437,-2.6164885,-1.8030847
606,-2.1299467,-2.9630969,-1.9977629
607,-2.0749183,-2.9958074,-1.9195389
608,-1.8556355,-2.4288082,-1.7158097
609,-2.0086675,-2.7779927,-1.8469782
610,-2.157666,-2.9031394,-1.875639
611,-2.0309708,-2.5537896,-1.7621279
612,-1.8446026,-2.5677311,-1.7162383
613,-2.0469239,-2.931978,-1.871129
614,-1.8481432,-2.4203486,-1.7564731
615,-1.8810135,-2.6183593,-1.7954854
616,-1.9836123,-2.7099419,-1.8304436
617,-1.9993436,-2.9331312,-1.8393517
618,-1.9546725,-2.612204,-1.7527772
619,-2.1308122,-2.9635723,-1.8548539
620,-1.9002166,-2.698017,-1.7710445
621,-2.122653,-2.7006378,-1.7694509
622,-2.0280879,-2.7944288,-1.8526311
623,-1.9740728,-2.8186843,-1.8699377
624,-1.8920444,-2.6147175,-1.7694453
625,-1.946494,-2.4649024,-1.7654262
626,-1.5797714,-2.458784,-1.6363592
627,-1.9102538,-2.532654,-1.7862761
628,-2.059701,-2.7986073,-1.7790645
629,-2.0943525,-3.0717688,-1.9127998
630,-1.8547086,-2.4263043,-1.5934345
631,-1.617065,-2.4264047,-1.6518492
632,-2.2984362,-2.824556,-1.8508761
633,-1.7531409,-2.4790359,-1.761702
634,-2.0303323,-2.8745966,-1.9393568
635,-1.9141291,-2.6523483,-1.8403018
636,-2.170507,-3.076532,-1.952461
637,-1.9213623,-2.630355,-1.8400142
638,-1.9408501,-2.6805747,-1.7998378
639,-1.9634999,-2.872738,-1.8942711
640,-1.9800763,-2.678591,-1.8177379
641,-2.0532343,-2.8879774,-1.8725536
642,-1.8634099,-2.6588602,-1.8379843
643,-1.9687531,-2.600946,-1.7770426
644,-1.7690059,-2.5424068,-1.6827639
645,-1.8722556,-2.6329281,-1.7646946
646,-2.2103329,-3.3030922,-1.8864788
647,-2.1393852,-2.9247408,-1.9254397
648,-1.9331981,-2.5713944,-1.8043644
649,-1.8488383,-2.7539275,-1.8383065
650,-1.727202,-2.5382097,-1.8139424
651,-2.028294,-3.101331,-1.9270113
652,-2.228238,-2.9138403,-1.9561445
653,-1.9568522,-2.7743354,-1.8066125
654,-1.9553001,-2.644043,-1.8086039
655,-2.031272,-2.8971307,-1.8657124
656,-2.1070008,-2.8907127,-1.9340159
657,-1.8921906,-2.7210555,-1.8722907
658,-1.7756047,-2.5897331,-1.6462009
659,-1.9747863,-2.764028,-1.8161327
660,-1.9130251,-2.5595002,-1.7873801
661,-1.9669251,-2.57228,-1.7915648
662,-1.9960967,-2.5052423,-1.6699501
663,-2.0764956,-2.6071346,-1.7586757
664,-1.8401726,-2.5615418,-1.7748832
665,-1.7798159,-2.6365576,-1.7530626
666,-2.1315265,-3.0093708,-1.9123019
667,-1.8920555,-2.6787589,-1.7854747
668,-2.018728,-3.0782225,-1.8414906
669,-1.850084,-2.3507433,-1.6143361
670,-1.865505,-2.4449162,-1.7366338
671,-2.04478,-2.8604965,-1.9370688
672,-1.7722989,-2.5873625,-1.7401482
673,-1.8303668,-2.672422,-1.7593651
674,-2.0100932,-2.8496048,-1.7995254
675,-1.8054888,-2.4650211,-1.6637727
676,-1.9790776,-2.5896206,-1.6898685
677,-1.946221,-2.7766492,-1.8417385
678,-2.0943475,-3.1022713,-1.9168555
679,-1.9106642,-2.4048898,-1.6105934
680,-2.0531049,-2.8544989,-1.9071099
681,-1.885554,-2.5420415,-1.7235541
682,-1.7146122,-2.6404428,-1.7966375
683,-1.9210618,-2.7060578,-1.8392913
684,-2.178586,-2.8615706,-1.9051697
685,-2.0864987,-2.8055842,-1.8285632
686,-1.9165869,-2.712943,-1.8362898
687,-2.2089849,-2.841313,-1.9889146
688,-1.7694463,-2.5418339,-1.7168127
689,-2.0933347,-2.9095306,-1.9452869
690,-1.9948355,-2.710425,-1.8399923
691,-2.044898,-2.9373298,-1.866909
692,-1.8820612,-2.5595999,-1.7514741
693,-1.9338695,-2.5751328,-1.8027774
694,-2.0612082,-2.7182214,-1.8482434
695,-1.7729157,-2.484711,-1.7344885
696,-2.084489,-2.8439097,-1.8681313
697,-2.0328083,-3.0431051,-1.869124
698,-1.6733229,-2.414494,-1.6260166
699,-1.9756484,-2.793027,-1.8839868
700,-1.7705891,-2.3607051,-1.6226528
701,-1.9987929,-2.7894015,-1.885922
702,-1.5046675,-2.2754416,-1.5219054
703,-1.4874139,-2.2266126,-1.4641366
704,-1.8291824,-2.5157917,-1.7646884
705,-1.8249168,-2.4957063,-1.6729621
706,-1.950898,-2.7323189,-1.8640561
707,-1.9461462,-2.66445,-1.812031
708,-1.7385954,-2.5623364,-1.7372963
709,-1.910444,-2.4293325,-1.5918006
710,-1.8785849,-2.5675938,-1.6768346
711,-1.7478137,-2.5307086,-1.6925807
712,-2.1074364,-2.9271135,-1.9013214
713,-2.0521026,-2.9658365,-1.847908
714,-2.1835766,-2.697302,-1.7534505
715,-1.8043451,-2.6013665,-1.8133202
716,-2.0790849,-2.9334073,-1.9473212
717,-1.9586699,-2.694755,-1.7658529
718,-1.7022036,-2.5073948,-1.6114767
719,-2.0079741,-2.8048086,-1.9197694
720,-2.1017962,-3.0749638,-1.9284992
721,-1.8898563,-2.589104,-1.7595402
722,-1.6705645,-2.3851328,-1.5534478
723,-1.8989749,-2.4449763,-1.7641493
724,-1.5859609,-2.4163408,-1.7001829
725,-1.9968519,-2.8995519,-1.885437
726,-1.9799944,-3.0858762,-1.8913324
727,-1.9721172,-2.6880581,-1.8450997
728,-1.756754,-2.552997,-1.7923555
729,-1.7518517,-2.4511588,-1.6013377
730,-1.9583571,-2.6975684,-1.7980238
731,-1.9732211,-2.9826157,-1.890196
732,-1.7469484,-2.4363866,-1.6377697
733,-1.9799979,-2.805968,-1.838233
734,-1.7056267,-2.5137022,-1.7332234
735,-2.1306841,-2.741925,-1.8644885
736,-1.9401122,-2.6282878,-1.7896694
737,-2.096267,-2.6864724,-1.8088909
738,-1.6706009,-2.4224174,-1.6256641
739,-1.7490883,-2.442252,-1.6658064
740,-1.7493955,-2.3791246,-1.6413045
741,-1.7667484,-2.5466917,-1.7198128
742,-2.2242918,-3.018032,-2.0086215
743,-1.9057792,-2.7849815,-1.8491832
744,-1.8301241,-2.1520658,-1.7128255
745,-1.9586916,-2.7599597,-1.802206
746,-2.0439415,-2.881121,-1.951236
747,-1.6519492,-2.4748852,-1.6377192
748,-1.9093204,-2.657717,-1.8936145
749,-2.1365564,-2.7132926,-1.7964116
750,-1.8045251,-2.087727,-1.566977
751,-1.757842,-2.575636,-1.7959478
752,-2.092621,-2.9227927,-1.8842142
753,-1.8739855,-2.63228,-1.7574989
754,-1.8999945,-2.7614117,-1.8208834
755,-1.728782,-2.4420788,-1.5855929
756,-1.8463162,-2.6783485,-1.8304442
757,-1.8486359,-2.590086,-1.7410775
758,-1.8914129,-2.7091446,-1.8442281
759,-1.8900223,-2.6922638,-1.8070358
760,-1.9217191,-2.7064912,-1.8452113
761,-1.8765578,-2.4443135,-1.6925308
762,-1.878639,-2.562958,-1.7811731
763,-1.8415592,-2.6241024,-1.7715673
764,-2.0150855,-2.774429,-1.8921864
765,-2.0336728,-2.6887727,-1.8516865
766,-1.7241423,-2.399228,-1.6487831
767,-1.936422,-2.6921346,-1.8079356
768,-1.9348592,-2.8539894,-1.8623447
769,-1.7754397,-2.720925,-1.7764356
770,-1.7353681,-2.2849271,-1.5031127
771,-2.142838,-2.9135423,-1.8931308
772,-1.8563253,-2.6656888,-1.7328498
773,-1.9868153,-2.7946897,-1.9493238
774,-1.9417696,-2.5140998,-1.7585877
775,-1.6824038,-2.373422,-1.5702025
776,-1.835846,-2.7262917,-1.800829
777,-1.9650685,-2.7838082,-1.8769054
778,-1.4531342,-2.1442354,-1.3877459
779,-1.9660085,-2.850465,-1.8823642
780,-2.0257342,-2.8824959,-1.9209902
781,-1.6647581,-2.507206,-1.7445376
782,-1.8826813,-2.7012699,-1.7997758
783,-2.1332986,-3.0914767,-1.7892294
784,-1.8200114,-2.506289,-1.7221609
785,-1.4087749,-1.8059514,-1.2852107
786,-1.795989,-2.2960386,-1.4926143
787,-1.8739687,-2.513789,-1.7555414
788,-1.9790118,-2.7909296,-1.8258086
789,-1.884425,-2.6024668,-1.7747055
790,-1.9524128,-2.8462029,-1.9395504
791,-1.7923827,-2.3961709,-1.6021394
792,-2.0090675,-2.8652732,-1.8514426
793,-1.949913,-2.6769266,-1.7586266
794,-1.797128,-2.5839057,-1.7598839
795,-1.8971676,-2.7261028,-1.837338
796,-1.9378484,-2.9007626,-1.9088107
797,-1.886665,-2.787792,-1.8602078
798,-1.9022192,-2.5094156,-1.7589489
799,-2.1898422,-2.9525,-1.937484
800,-1.9700799,-2.7766466,-1.7819464
801,-1.7719765,-2.3144026,-1.6754267
802,-1.8389648,-2.3747823,-1.5647695
803,-1.8197507,-2.3853202,-1.7144246
804,-1.8880843,-2.6075377,-1.7202883
805,-2.1487033,-2.8301032,-1.9864217
806,-1.9098556,-2.6534545,-1.7850873
807,-2.2337751,-3.014425,-1.8229176
808,-1.9799387,-2.7069855,-1.8173864
809,-1.7173336,-2.5398836,-1.6475695
810,-2.028179,-2.7680843,-1.8630443
811,-1.8393128,-2.5535576,-1.7168525
812,-1.7170341,-2.2945845,-1.6558853
813,-1.6039379,-2.3619947,-1.5987983
814,-1.8021553,-2.5347993,-1.6627074
815,-1.7959478,-2.541852,-1.7446737
816,-1.9808941,-2.6767447,-1.767398
817,-1.8593168,-2.5827498,-1.7534149
818,-1.8764491,-2.6124883,-1.702437
819,-1.9181846,-2.7294722,-1.8146538
820,-1.9468012,-2.6852958,-1.828347
821,-1.9316119,-2.5089972,-1.7288469
822,-1.7483027,-2.6504545,-1.7643917
823,-1.9772054,-2.7483282,-1.860583
824,-2.0182562,-2.6350226,-1.7170695
825,-2.032765,-2.8355687,-1.8833337
826,-1.7572584,-2.6193445,-1.7259612
827,-1.9238234,-2.8403282,-1.7769687
828,-1.9469944,-2.8382876,-1.843654
829,-3.0913072,-3.729202,-2.1575603
830,-1.9463005,-2.567038,-1.7503141
831,-1.9199005,-2.5231655,-1.735062
832,-1.9287548,-2.5442123,-1.7756379
833,-2.053189,-2.9248943,-1.8552241
834,-1.8382877,-2.5871525,-1.75449
835,-1.6683006,-2.5293415,-1.7102153
836,-1.671162,-2.262585,-1.7656143
837,-1.9607189,-2.2831757,-1.7390391
838,-1.9032555,-2.7645652,-1.8721484
839,-2.1492722,-2.885744,-1.8569212
840,-1.7406452,-2.477076,-1.6573572
841,-2.1030927,-2.671764,-1.7706479
842,-2.03871,-2.7793999,-1.8336601
843,-1.882652,-2.7038498,-1.7836558
844,-1.9603256,-2.828342,-1.8473661
845,-2.0034957,-2.7059836,-1.8052201
846,-2.0293226,-3.0301476,-1.9781388
847,-2.0096297,-2.869327,-1.9449438
848,-1.8501986,-2.6763802,-1.8423852
849,-2.2471836,-3.0849717,-1.9885117
850,-2.0525658,-2.7723007,-1.8180029
851,-1.7995334,-2.472458,-1.6865934
852,-1.764525,-2.5126562,-1.7264243
853,-1.8211222,-2.563353,-1.7212284
854,-2.052063,-2.8306298,-1.9285878
855,-1.9011567,-2.5754204,-1.8111299
856,-2.2382615,-2.9215329,-1.9136626
857,-1.8866038,-2.6011424,-1.7766154
858,-1.6913673,-2.31537,-1.4879736
859,-1.8764808,-2.417061,-1.688883
860,-1.8689309,-2.8515978,-1.9042616
861,-1.8827813,-2.6074908,-1.7846526
862,-2.058794,-2.821619,-1.8135692
863,-1.9706241,-2.7182443,-1.747454
864,-1.8309648,-2.5232127,-1.7566336
865,-1.8348244,-2.282271,-1.5538734
866,-2.3096163,-3.1256833,-1.8437446
867,-1.8555024,-2.768893,-1.8909819
868,-2.6451516,-2.7439609,-1.8095967
869,-2.1493578,-2.8982317,-1.8453577
870,-1.9341263,-2.6847935,-1.8135724
871,-1.9286468,-2.8543148,-1.8566555
872,-1.9998124,-2.9013371,-1.9032166
873,-2.0170472,-2.8918235,-2.0107763
874,-1.9839758,-2.7791653,-1.8432164
875,-1.8379072,-2.3769073,-1.5831262
876,-2.0882437,-3.0489302,-1.8704909
877,-1.8477572,-2.6622028,-1.7347603
878,-1.8584892,-2.7048893,-1.836876
879,-1.8237038,-2.5738766,-1.7359055
880,-2.0681326,-3.1042933,-1.9549055
881,-1.8803806,-2.613352,-1.7244375
882,-2.0387213,-2.8272066,-1.8513255
883,-1.9334824,-2.6143749,-1.8336505
884,-1.8263385,-2.464957,-1.6618627
885,-1.9606682,-2.663825,-1.7844582
886,-1.913028,-2.7409804,-1.8466055
887,-1.778936,-2.522666,-1.7136941
888,-2.1433167,-2.834295,-1.9023583
889,-2.015762,-2.6031165,-1.7882723
890,-1.9268485,-2.6706893,-1.821871
891,-2.2319584,-3.04153,-2.0714571
892,-1.9432083,-2.788462,-1.8071202
893,-1.9499135,-2.4701953,-1.7148445
894,-1.994362,-2.8564823,-1.8400875
895,-2.048949,-2.9618871,-1.9095998
896,-1.864084,-2.6559176,-1.7907958
897,-1.9431837,-2.5519936,-1.7931526
898,-1.8862262,-2.6135423,-1.772431
899,-2.0605931,-3.0395367,-1.9349537
900,-2.0160844,-2.749808,-1.8165723
901,-1.993849,-2.8127053,-1.8958943
902,-2.0637534,-2.8599632,-1.8989791
903,-2.029674,-2.9260712,-1.9346007
904,-1.6498742,-2.3055599,-1.4739412
905,-1.9932446,-2.644462,-1.774917
906,-1.733692,-2.323629,-1.5927943
907,-2.0684602,-2.854227,-1.8707291
908,-2.061396,-2.9449852,-1.9008557
909,-2.0029545,-2.5707731,-1.7140188
910,-2.0705848,-2.659576,-1.792092
911,-2.0444481,-2.774135,-1.8473225
912,-1.9928653,-2.7951162,-1.8537651
913,-1.6769798,-2.3834038,-1.5590494
914,-2.2029092,-3.0325937,-1.9620087
915,-1.9043975,-2.4569452,-1.7693452
916,-1.9170427,-2.8305418,-1.8981843
917,-1.9549526,-2.793434,-1.8187269
918,-1.9065348,-2.4797254,-1.7321239
919,-2.1627924,-3.0868852,-1.904371
920,-2.023057,-2.8519433,-1.7826772
921,-2.0820508,-2.6869729,-1.7707554
922,-1.8867495,-2.6749172,-1.8407298
923,-2.0916314,-2.7104845,-1.7997721
924,-1.9679412,-2.8142734,-1.8340364
925,-2.063556,-2.7791233,-1.8804913
926,-1.8165939,-2.4515786,-1.7133996
927,-1.6816702,-2.4774857,-1.7349492
928,-1.9696451,-2.6283898,-1.8394806
929,-2.0087826,-2.8211133,-1.9257114
930,-1.6806848,-2.5464141,-1.7373827
931,-1.985033,-2.8396618,-1.835007
932,-1.9428312,-2.790736,-1.8455681
933,-1.725879,-2.5546486,-1.7859287
934,-1.5403942,-2.355724,-1.5642838
935,-1.8356775,-2.5386407,-1.7217968
936,-2.0294728,-2.8090577,-1.8555065
937,-2.3778148,-3.2049928,-1.8945227
938,-1.9832224,-2.5732038,-1.8044543
939,-1.92077,-2.5604436,-1.8094206
940,-1.8024422,-2.6484754,-1.7887315
941,-1.8431123,-2.4884756,-1.7206084
942,-2.0552168,-2.7104843,-1.8588428
943,-1.9898326,-2.6461399,-1.781267
944,-2.2575858,-3.1298904,-1.887389
945,-2.0208905,-2.7755618,-1.8915163
946,-1.9636972,-2.5757084,-1.7621458
947,-1.6476933,-2.2614884,-1.4919837
948,-1.8464711,-2.6722353,-1.7815304
949,-2.0251284,-2.923417,-1.8808193
950,-1.9408181,-2.4906342,-1.6763484
951,-2.035397,-2.6842318,-1.8867611
952,-1.9284964,-2.770492,-1.8819109
953,-2.1788294,-3.0435529,-1.9458241
954,-2.015875,-2.835717,-1.8804884
955,-1.7901726,-2.662408,-1.8003703
956,-2.0127015,-2.5928085,-1.8545127
957,-1.9620689,-2.77004,-1.8627264
958,-1.7593896,-2.4983904,-1.7706895
959,-1.9601,-2.8050618,-1.8872567
960,-1.964139,-2.8623126,-1.8273772
961,-1.9709263,-2.8478367,-1.8465675
962,-2.0770676,-2.9240656,-1.947051
963,-1.901056,-2.452866,-1.7326232
964,-1.8645966,-2.4599123,-1.7321372
965,-1.9730827,-2.7546756,-1.8906245
966,-2.168132,-2.884526,-1.8931959
967,-2.1056168,-3.0138638,-2.0577736
968,-2.3217654,-2.8274724,-1.9569144
969,-1.9124093,-2.69316,-1.8148118
970,-1.9338999,-2.515139,-1.758309
971,-2.0165172,-2.784058,-1.8626324
972,-2.1317518,-3.1421592,-1.9440873
973,-1.9755086,-2.8536217,-1.8167864
974,-1.7975812,-2.518244,-1.752152
975,-1.9298325,-2.6879125,-1.7859819
976,-1.9944446,-2.7358642,-1.8346727
977,-2.172392,-2.8972788,-1.9632396
978,-2.1697133,-2.7302861,-1.7895439
979,-1.8277708,-2.4628484,-1.6924562
980,-2.0415313,-2.7273355,-1.8036535
981,-1.6670287,-2.4391644,-1.6972033
982,-1.9755282,-2.6272573,-1.7634987
983,-1.8510873,-2.6103632,-1.7250319
984,-1.9074662,-2.7031353,-1.8551894
985,-1.5246911,-2.197095,-1.5592048
986,-2.080607,-3.0291839,-1.9452419
987,-1.8853447,-2.7274408,-1.7666444
988,-2.053621,-2.9206738,-1.8815219
989,-2.03982,-2.888951,-1.9736304
990,-2.2208896,-3.0175333,-1.9124987
991,-1.9766954,-2.751392,-1.8166342
992,-1.8409837,-2.5404239,-1.7171146
993,-1.9472462,-2.4269626,-1.6014855
994,-1.8754035,-2.512566,-1.7391577
995,-1.7702123,-2.447834,-1.6816978
996,-1.8555633,-2.7319398,-1.8242815
997,-1.8938869,-2.560084,-1.7796906
998,-1.7836554,-2.3631692,-1.6831468
999,-1.8469058,-2.5812955,-1.7834802
1000,-1.8933295,-2.7533774,-1.8464288
1001,-2.1802242,-2.9483216,-1.9247133
1002,-1.6959667,-2.5120058,-1.6821289
1003,-2.0811083,-2.8071845,-1.8734581
1004,-1.8983167,-2.5935655,-1.7175863
1005,-1.7197735,-2.3851423,-1.6166908
1006,-1.7458106,-2.5181222,-1.6564755
1007,-1.9476957,-2.89841,-1.9484053
1008,-1.9246789,-2.662534,-1.787867
1009,-1.80519,-2.636376,-1.7903534
1010,-2.0603766,-2.9432757,-1.9624133
1011,-2.0781379,-2.8008628,-1.8596244
1012,-1.7117784,-2.4639328,-1.624866
1013,-1.9400629,-2.6476767,-1.739256
1014,-1.9181956,-2.768507,-1.799405
1015,-2.0197957,-2.6935692,-1.7785443
1016,-1.9055831,-2.618756,-1.7698652
1017,-1.9255029,-2.58437,-1.7831204
1018,-1.79726,-2.602881,-1.7191018
1019,-2.0096853,-2.9379349,-1.8747752
1020,-1.9285578,-2.7417264,-1.8239875
1021,-1.7865537,-2.5128267,-1.7512219
1022,-1.8289057,-2.6643765,-1.7408286
1023,-1.8038093,-2.4905887,-1.7171372
1024,-2.0263863,-2.7380114,-1.9405487
1025,-1.8836524,-2.8121572,-1.8837138
1026,-2.0257776,-2.9150088,-1.8890489
1027,-2.0224762,-2.851358,-1.8747436
1028,-2.0634902,-2.6093876,-1.7788489
1029,-2.010044,-2.857468,-1.9086207
1030,-1.9747376,-2.6280406,-1.7613475
1031,-2.019295,-2.6286218,-1.854887
1032,-1.9449973,-2.8588228,-1.8798038
1033,-2.247374,-2.8969023,-1.9414896
1034,-1.7808557,-2.3169959,-1.6462142
1035,-2.0214345,-2.5742977,-1.7687193
1036,-2.108052,-2.9002433,-1.8772999
1037,-1.8123991,-2.6316278,-1.7874185
1038,-1.9088641,-2.5605044,-1.79615
1039,-1.8171179,-2.4418998,-1.738658
1040,-2.0055459,-2.8800712,-1.8339685
1041,-2.0263605,-2.713809,-1.8854502
1042,-1.9456102,-2.5874746,-1.7219732
1043,-1.9022946,-2.600388,-1.7720256
1044,-1.9444255,-2.9210362,-1.9625314
1045,-1.9447696,-2.807286,-1.820906
1046,-1.9619976,-2.5990324,-1.8005614
1047,-1.9777256,-2.6261868,-1.7725556
1048,-1.8727652,-2.6528685,-1.7723005
1049,-1.9030596,-2.6921475,-1.81712
1050,-1.9667891,-2.6212623,-1.743777
1051,-2.0054605,-2.7973642,-1.8161095
1052,-1.7491736,-2.4018946,-1.6308444
1053,-1.9608135,-2.955909,-1.8660325
1054,-1.8919998,-2.6614072,-1.8530465
1055,-2.0519514,-2.8187244,-1.8673518
1056,-1.991063,-2.6625512,-1.8108357
1057,-1.8919024,-2.7788663,-1.7879047
1058,-1.9088167,-2.658066,-1.8036226
1059,-1.5852652,-2.4625168,-1.6521819
1060,-1.9652128,-2.832594,-1.8981572
1061,-1.6561041,-2.4577925,-1.7027229
1062,-1.9341519,-2.7216508,-1.78415
1063,-1.9767327,-2.6984317,-1.8032972
1064,-1.9981159,-2.853413,-1.8465251
1065,-1.9952865,-2.7988622,-1.8294675
1066,-1.910288,-2.6253293,-1.7472374
1067,-1.9395977,-2.6648788,-1.7833792
1068,-1.8928899,-2.6590834,-1.8874639
1069,-2.5192995,-2.2575126,-1.5898659
1070,-2.0291646,-2.7786484,-1.8408394
1071,-1.9899217,-2.7107198,-1.8065352
1072,-1.8144455,-2.539358,-1.7349958
1073,-1.6680076,-2.3729787,-1.66907
1074,-1.7552396,-2.497662,-1.7151054
1075,-2.3647146,-3.3119042,-1.8123673
1076,-1.7772822,-2.8674824,-1.8840245
1077,-1.7145497,-2.0503097,-1.5247455
1078,-1.8554348,-2.5762892,-1.7674329
1079,-2.0920188,-2.9518166,-1.8124751
1080,-1.7830275,-2.5672178,-1.7076712
1081,-1.7290109,-2.457255,-1.5997838
1082,-2.27421,-2.8593261,-1.9471565
1083,-2.0756347,-2.9631119,-1.8650869
1084,-2.0138342,-2.594958,-1.7029667
1085,-1.9932904,-2.7110007,-1.8139542
1086,-2.0787063,-3.0728142,-1.9317318
1087,-1.9132243,-2.5793672,-1.787532
1088,-2.3873258,-2.691363,-1.8174233
1089,-1.6554329,-2.39369,-1.6098691
1090,-1.8917159,-2.6776931,-1.7729121
1091,-1.8194075,-2.6555762,-1.8142473
1092,-2.3184495,-3.000166,-1.9890105
1093,-2.049238,-2.7406037,-1.8990908
1094,-1.9118953,-2.712175,-1.8314818
1095,-1.9931595,-2.6237385,-1.7533451
1096,-2.2147942,-2.9319415,-1.9552653
1097,-1.7843581,-2.4398503,-1.6489785
1098,-2.0403693,-2.9402103,-1.875124
1099,-1.8738844,-2.6065245,-1.7857826
1100,-1.7350934,-2.4135995,-1.5547451
1101,-2.5437026,-3.111164,-1.9090539
1102,-1.9903592,-2.640347,-1.763143
1103,-1.9428097,-2.8066602,-1.8348569
1104,-1.7842612,-2.431275,-1.6107069
1105,-1.8384804,-2.6230571,-1.729258
1106,-2.0870943,-3.0438912,-1.9185507
1107,-1.7568212,-2.5312855,-1.7277266
1108,-1.9268185,-2.517051,-1.773066
1109,-1.7895992,-2.4800415,-1.7386271
1110,-2.0065246,-2.9194124,-1.8287405
1111,-1.9987603,-2.794473,-1.8367132
1112,-1.9871023,-2.7666848,-1.809998
1113,-2.0117383,-2.6533468,-1.735807
1114,-1.992769,-2.7327878,-1.7957718
1115,-2.1508949,-3.167433,-1.9735695
1116,-2.0741348,-2.7226815,-1.8588791
1117,-2.0381832,-2.9179835,-1.8443815
1118,-2.096384,-2.7438233,-1.8816466
1119,-1.9037813,-2.6248007,-1.802059
1120,-1.9724455,-2.8932867,-1.9029583
1121,-1.8785293,-2.4679933,-1.746293
1122,-1.856958,-2.4620688,-1.7119987
1123,-1.8702581,-2.6266074,-1.7176965
1124,-1.75789,-2.3456123,-1.6020166
1125,-2.2353323,-2.9230375,-1.9284564
1126,-1.543736,-2.4227633,-1.6636952
1127,-1.9080933,-2.8244848,-1.917792
1128,-1.6306486,-2.3187551,-1.6807026
1129,-1.9269464,-2.5138106,-1.684024
1130,-1.9712818,-2.6962185,-1.8012805
1131,-1.9591027,-2.700055,-1.8231349
1132,-2.5073283,-3.1523678,-1.8746861
1133,-1.8802218,-2.6181622,-1.7382756
1134,-2.0347538,-2.9510412,-1.8664734
1135,-1.7728077,-2.4690554,-1.6914227
1136,-1.8261788,-2.4391184,-1.6148671
1137,-1.8510475,-2.7224753,-1.8649799
1138,-1.8926804,-2.4524455,-1.7425756
1139,-1.98528,-2.6456041,-1.8349767
1140,-1.609376,-2.3484154,-1.6140801
1141,-2.1733677,-2.884002,-1.8862431
1142,-1.9191127,-2.6697152,-1.7417442
1143,-2.0530827,-2.9506888,-1.996034
1144,-1.9031174,-2.5263388,-1.6939912
1145,-1.8459213,-2.4686627,-1.6225688
1146,-2.0909562,-2.9842026,-1.9597534
1147,-1.9806784,-2.491183,-1.7134488
1148,-1.9986553,-2.9147952,-1.834189
1149,-2.123988,-2.781449,-1.9186591
1150,-1.9661474,-2.7178504,-1.8445512
1151,-1.8621321,-2.5341122,-1.7014343
1152,-1.9249433,-2.6124268,-1.7568605
1153,-1.6157132,-2.2603226,-1.5413301
1154,-1.7219117,-2.502264,-1.6646228
1155,-2.0779493,-2.7686822,-1.7844975
1156,-2.0104988,-2.7676833,-1.86899
1157,-2.0089257,-2.7175667,-1.7651253
1158,-1.7118365,-2.5799997,-1.7392219
1159,-1.8783851,-2.6253657,-1.7872704
1160,-1.9025465,-2.5849056,-1.6893286
1161,-2.019977,-2.7837727,-1.9111879
1162,-2.0115879,-2.7910223,-1.9101303
1163,-1.792182,-1.8409138,-1.5098675
1164,-1.806052,-2.4646535,-1.6553262
1165,-1.849474,-2.776907,-1.8721843
1166,-1.6994554,-2.326035,-1.4881061
1167,-1.8403051,-2.2651196,-1.7141242
1168,-2.1035225,-3.3329434,-1.9520713
1169,-1.7749056,-2.618767,-1.7959715
1170,-2.0548131,-2.9562993,-1.9219735
1171,-2.1236072,-2.8446321,-1.8892498
1172,-2.0198944,-2.753756,-1.8795763
1173,-1.865567,-2.4959297,-1.6574466
1174,-1.9786772,-2.8483052,-1.8592135
1175,-2.0917532,-2.6707006,-1.8099506
1176,-2.2969954,-2.9669263,-1.9034431
1177,-1.9459482,-2.639144,-1.8067888
1178,-1.9043547,-2.7238324,-1.88232
1179,-1.7279059,-2.377862,-1.5643162
1180,-1.89432,-2.5634282,-1.7438694
1181,-1.80534,-2.543928,-1.7204593
1182,-2.0709245,-2.889798,-1.9115154
1183,-1.8074523,-2.1228433,-1.6703639
1184,-1.9580762,-2.7951806,-1.8064047
1185,-1.9964011,-2.8957732,-1.8807375
1186,-1.6410955,-2.37668,-1.5036975
1187,-1.5550566,-2.2526734,-1.452115
1188,-1.897704,-2.6028628,-1.7554083
1189,-2.0186336,-2.8027565,-1.8233297
1190,-1.9626197,-2.4632542,-1.6618097
1191,-2.0233223,-2.6906931,-1.7870713
1192,-2.0036793,-2.6285505,-1.7903994
1193,-2.0131803,-2.8749847,-1.884897
1194,-1.9474044,-2.6760154,-1.7583408
1195,-2.0060835,-2.6359584,-1.7471863
1196,-1.6495794,-2.394604,-1.6480278
1197,-2.049864,-3.0684524,-1.8813462
1198,-1.915265,-2.7238681,-1.8422017
1199,-1.9140015,-2.5635448,-1.7800865
1200,-2.0132015,-2.7612782,-1.818199
1201,-1.9868029,-2.8159478,-1.8450398
1202,-1.9891907,-2.7332573,-1.7797287
1203,-2.064698,-2.9381225,-1.9400905
1204,-2.0118737,-2.7037103,-1.8001721
1205,-2.1232297,-2.6622245,-1.7971886
1206,-2.0052185,-2.8666112,-1.8464521
1207,-1.9667088,-2.64375,-1.7921124
1208,-2.0654426,-2.952002,-1.9605709
1209,-1.7833123,-2.4378672,-1.6612258
1210,-1.9562705,-2.682465,-1.7674339
1211,-1.833078,-2.771283,-1.838462
1212,-1.9041483,-2.670268,-1.8067029
1213,-1.6591572,-2.3652792,-1.514584
1214,-1.951681,-2.747449,-1.8092668
1215,-1.9828768,-2.5994868,-1.7052033
1216,-1.6733209,-2.491399,-1.6726032
1217,-2.1002412,-2.8359232,-1.8502436
1218,-1.8756984,-2.5472922,-1.7319949
1219,-1.8727012,-2.7607014,-1.833788
1220,-2.0190845,-2.9784532,-1.8548503
1221,-2.1638303,-2.9190955,-1.9806517
1222,-1.8530341,-2.7363234,-1.8389248
1223,-1.9978604,-3.002684,-1.9810998
1224,-2.0120943,-2.5012672,-1.7652315
1225,-1.8161416,-2.5192776,-1.7158259
1226,-1.7862643,-2.6618497,-1.7272749
1227,-1.8354976,-2.6956806,-1.791551
1228,-1.9836544,-2.6920245,-1.8277085
1229,-1.8257794,-2.7446156,-1.8727752
1230,-1.9373243,-2.6607099,-1.8132588
1231,-2.0551991,-2.9723954,-1.9003934
1232,-1.6183052,-2.4228034,-1.6618128
1233,-1.944716,-2.6665196,-1.7693639
1234,-1.9760348,-2.837536,-1.8820868
1235,-2.338785,-3.055092,-1.8000538
1236,-1.9560089,-2.4320502,-1.6335909
1237,-1.7075003,-2.6595676,-1.7155921
1238,-1.6483289,-2.1954956,-1.5676365
1239,-1.9869319,-2.5139434,-1.7371193
1240,-1.6144068,-2.1708531,-1.5499755
1241,-1.7318635,-2.4791334,-1.6096861
1242,-1.897107,-2.7273357,-1.8350741
1243,-1.5843775,-2.4030786,-1.5786841
1244,-1.8040204,-2.1502612,-1.6318026
1245,-2.004822,-2.958632,-1.8977106
1246,-1.825126,-2.6687543,-1.7834797
1247,-2.1612737,-2.819439,-1.9190139
1248,-1.7626581,-2.5699568,-1.7288812
1249,-2.1215038,-2.9850535,-2.0433981
1250,-2.0551276,-2.9275498,-1.9261141
1251,-2.0283782,-3.0038,-1.9111621
1252,-1.9491361,-2.6361744,-1.8097739
1253,-1.7913218,-2.5355349,-1.6552706
1254,-1.7520642,-2.3776433,-1.6303035
1255,-1.8572509,-2.4042318,-1.6949914
1256,-1.5076697,-2.251152,-1.6052197
1257,-1.9798648,-2.6989298,-1.8115005
1258,-2.0818,-2.9229925,-1.8994797
1259,-2.017085,-2.8237076,-1.844197
1260,-1.9340242,-2.571588,-1.7825762
1261,-1.8036127,-2.7845826,-1.8256712
1262,-1.7960471,-2.5110898,-1.7242223
1263,-1.9851503,-2.7479467,-1.8062651
1264,-1.8523307,-2.6320872,-1.7654095
1265,-2.0178678,-2.7373488,-1.8025314
1266,-1.8287657,-2.600988,-1.770853
1267,-1.9849962,-2.6925907,-1.8516372
1268,-2.0894737,-2.7663348,-1.8675164
1269,-1.9111913,-2.74624,-1.8483468
1270,-1.9452919,-2.783533,-1.8719196
1271,-1.8328902,-2.6175733,-1.7472728
1272,-1.8703629,-2.6073291,-1.7418023
1273,-1.9932483,-2.5522969,-1.6922151
1274,-1.8545917,-2.6935933,-1.7947675
1275,-2.0969732,-2.7282891,-1.7900604
1276,-2.0105746,-2.9899025,-1.8837388
1277,-1.8382864,-2.376008,-1.6381761
1278,-2.052155,-2.8236923,-1.8543993
1279,-1.871623,-2.6200445,-1.7562354
1280,-2.0060918,-2.8155158,-1.8984385
1281,-2.0290418,-2.8642325,-1.8684057
1282,-2.1204066,-2.8769782,-1.9398528
1283,-1.9858512,-2.7543638,-1.8373412
1284,-2.1293168,-3.107826,-1.9258717
1285,-1.7309011,-2.4926875,-1.7005432
1286,-1.9447203,-2.6816773,-1.8225287
1287,-1.8405292,-2.5619454,-1.7116823
1288,-1.8900318,-2.6329286,-1.7261616
1289,-1.7310826,-2.6023166,-1.7835534
1290,-1.8184141,-2.4860394,-1.7300642
1291,-1.58394,-1.9878982,-1.3567305
1292,-2.039825,-2.932254,-1.8119285
1293,-2.18865,-2.8817577,-1.831953
1294,-1.7116234,-2.5117273,-1.695711
1295,-1.8958234,-2.4973898,-1.7166207
1296,-1.7622291,-2.2730992,-1.6527086
1297,-1.6502191,-2.3406374,-1.6129715
1298,-1.8158696,-2.5097535,-1.6869628
1299,-1.8086958,-2.6219442,-1.6611389
1300,-2.1112494,-2.876772,-1.8411529
1301,-1.9854047,-2.7292297,-1.8723595
1302,-1.7814466,-2.4645505,-1.7489537
1303,-2.0116782,-2.8341146,-1.8497891
1304,-2.0610518,-2.8192506,-1.841059
1305,-1.822578,-2.5537908,-1.6573493
1306,-1.8443936,-2.3270886,-1.6434715
1307,-1.8114079,-2.695439,-1.8678987
1308,-1.8375179,-2.4191973,-1.653859
1309,-2.1729932,-2.8860667,-1.9306341
1310,-2.0403109,-2.9253824,-1.8289039
1311,-2.0017009,-2.6788175,-1.7965331
1312,-2.0639231,-2.8303003,-1.9406681
1313,-1.9044316,-2.8947582,-1.9159567
1314,-2.107942,-2.9730487,-1.9483794
1315,-1.9580624,-2.5714555,-1.7500381
1316,-1.8424708,-2.5359356,-1.740473
1317,-1.8962635,-2.5811822,-1.7902114
1318,-1.879871,-2.6213999,-1.7810109
1319,-1.8619691,-2.5817826,-1.7675649
1320,-2.0976868,-2.8049612,-1.8674037
1321,-2.0978553,-2.8250003,-1.9451575
1322,-2.0238245,-2.7430234,-1.9304254
1323,-1.9072502,-2.7307348,-1.807325
1324,-2.0241091,-2.8726857,-1.8257761
1325,-1.7160478,-2.554956,-1.6926961
1326,-1.9695998,-2.5230234,-1.7280548
1327,-1.8132889,-2.5022287,-1.6675833
1328,-1.852755,-2.268119,-1.7295485
1329,-2.0603101,-2.6464455,-1.7944058
1330,-1.9259849,-2.6441886,-1.7391748
1331,-1.9603302,-2.5859735,-1.7755305
1332,-1.9222083,-2.8687785,-1.921042
1333,-1.7620566,-2.5246844,-1.7545205
1334,-2.0548499,-2.9595752,-2.044991
1335,-2.0175781,-2.94146,-1.8804545
1336,-1.8796026,-2.6464705,-1.8171544
1337,-2.1520832,-2.820089,-1.8444937
1338,-2.0448933,-2.8844795,-1.8449312
1339,-2.1469135,-2.7456613,-1.7997293
1340,-2.0534494,-3.0959349,-1.8973271
1341,-1.7117109,-2.5236163,-1.6449333
1342,-1.8176934,-2.5482116,-1.7347273
1343,-1.8837495,-2.3447328,-1.6809651
1344,-1.4297006,-2.2611685,-1.5601343
1345,-2.0298095,-2.9230843,-1.9104326
1346,-1.9633688,-2.5724354,-1.796437
1347,-1.9840719,-2.9050887,-1.8462608
1348,-1.9345696,-2.66319,-1.797488
1349,-1.932233,-2.6482685,-1.752775
1350,-2.2032287,-2.9372883,-1.9139578
1351,-1.7029333,-2.3099353,-1.5857208
1352,-2.0732179,-2.744807,-1.8139889
1353,-2.0307233,-2.7387319,-1.8544695
1354,-1.904219,-2.7688663,-1.7990912
1355,-1.7642236,-2.7929,-1.8380096
1356,-1.9557371,-2.8183908,-1.8279948
1357,-2.0935283,-2.558912,-1.728198
1358,-1.9472672,-2.748187,-1.8103361
1359,-2.0010006,-2.9088614,-1.8366742
1360,-1.8297608,-2.4917188,-1.736632
1361,-1.762172,-2.6415253,-1.8460771
1362,-2.1898952,-3.0556405,-1.9960921
1363,-1.7661653,-2.5472586,-1.7276987
1364,-1.9094566,-2.399626,-1.749925
1365,-1.8182763,-2.5691116,-1.7505448
1366,-1.9995242,-2.778131,-1.8277236
1367,-1.8032087,-2.5965624,-1.6963807
1368,-1.8455328,-2.3565307,-1.6984694
1369,-1.762414,-1.8874924,-1.6324776
1370,-1.7344329,-2.3003254,-1.6486125
1371,-1.734511,-2.44151,-1.5847682
1372,-2.2809176,-3.178709,-2.1318421
1373,-1.9935169,-2.7386038,-1.776928
1374,-1.8986744,-2.3529496,-1.5214461
1375,-2.0491948,-2.7201264,-1.815568
1376,-1.9809835,-2.6505089,-1.8150469
1377,-1.8570619,-2.3737962,-1.7212605
1378,-2.0975916,-3.0277092,-2.0253024
1379,-1.9573065,-2.5240195,-1.7531946
1380,-1.9872148,-2.8007472,-1.8892623
1381,-1.8912,-2.494456,-1.7058125
1382,-2.110042,-2.88818,-1.8673583
1383,-1.877763,-2.6969402,-1.8020446
1384,-1.994667,-2.761306,-1.8085006
1385,-1.8124245,-2.5946653,-1.7191656
1386,-1.9616343,-2.602524,-1.7713172
1387,-1.8308424,-2.6477897,-1.8576179
1388,-1.8450804,-2.7177212,-1.7998511
1389,-2.262266,-2.7864826,-1.8431672
1390,-1.8654473,-2.6622956,-1.8313441
1391,-1.7738379,-2.6025703,-1.7485485
1392,-1.6477151,-2.36538,-1.6574961
1393,-1.7858456,-2.5229492,-1.7471976
1394,-2.0556357,-2.755155,-1.8351907
1395,-2.0143242,-2.630801,-1.8377792
1396,-1.9806603,-2.7199712,-1.7725251
1397,-2.039513,-3.0042963,-2.0568912
1398,-1.7538145,-2.4771554,-1.656131
1399,-2.3078852,-2.717509,-1.8296512
1400,-2.1136363,-2.9143856,-1.9554154
1401,-1.9099721,-2.4866843,-1.690071
1402,-2.1235244,-2.8502064,-1.8889556
1403,-1.9181006,-2.5694668,-1.707293
1404,-2.0110953,-2.8627236,-1.86622
1405,-1.8121666,-2.4299664,-1.6816278
1406,-2.0196588,-2.7510848,-1.8472332
1407,-1.9370399,-2.6442976,-1.7741623
1408,-1.935348,-2.7094173,-1.8368
1409,-1.9929198,-2.8196409,-1.8320307
1410,-1.5584289,-2.4054248,-1.6222826
1411,-2.1540616,-2.7814162,-1.8770993
1412,-1.7375466,-2.561952,-1.7020264
1413,-1.7683395,-2.5349672,-1.7768177
1414,-1.908873,-2.6664326,-1.8051487
1415,-1.9636707,-2.7828524,-1.8674268
1416,-1.8844938,-2.6162956,-1.8129009
1417,-1.9468534,-2.7163565,-1.8440685
1418,-1.8203487,-2.3966615,-1.6090553
1419,-1.945877,-2.7688649,-1.8394189
1420,-1.9239144,-2.4557378,-1.7831587
1421,-1.9028987,-2.7879515,-1.864292
1422,-2.166166,-3.0402656,-1.9696975
1423,-1.9330409,-2.5824873,-1.7584378
1424,-1.988415,-2.9656649,-1.8809459
1425,-2.039448,-2.7614293,-1.8764567
1426,-1.8768872,-2.2734585,-1.6174731
1427,-1.9642614,-2.7486103,-1.8311096
1428,-2.1674404,-2.92207,-1.9691628
1429,-1.8834323,-2.5552678,-1.7468187
1430,-1.8228605,-2.4977074,-1.7560279
1431,-2.04968,-2.6103249,-1.7138493
1432,-1.951384,-2.71326,-1.7667809
1433,-1.8445507,-2.464275,-1.6664251
1434,-1.6205511,-2.364758,-1.5818338
1435,-1.8843333,-2.3109193,-1.7393868
1436,-1.9556566,-2.685501,-1.7988952
1437,-2.1053455,-2.74942,-1.8446436
1438,-1.9877154,-2.786498,-1.8361491
1439,-1.9890804,-2.1996858,-1.575398
1440,-1.7593206,-2.259426,-1.6057646
1441,-1.984608,-2.7126424,-1.8139676
1442,-2.1779146,-2.8942158,-1.7817589
1443,-2.046472,-2.8908594,-1.8527741
1444,-1.8780948,-2.742957,-1.7956874
1445,-1.6767652,-2.392742,-1.6262628
1446,-1.933262,-2.8228326,-1.9014784
1447,-1.8580395,-2.6716092,-1.8057648
1448,-1.8873702,-2.750612,-1.838996
1449,-1.9949049,-2.7540576,-1.8611321
1450,-1.9690478,-2.75028,-1.8568654
1451,-2.072741,-3.330327,-1.9430255
1452,-2.1197333,-2.8720381,-2.0123734
1453,-1.7890326,-2.533855,-1.6861684
1454,-1.9581866,-2.6668324,-1.8629384
1455,-1.8398812,-2.7079997,-1.8073804
1456,-2.209249,-3.0699785,-1.9645365
1457,-2.0123756,-2.770806,-1.849901
1458,-1.9741454,-2.5572653,-1.7822323
1459,-1.7715352,-2.8056524,-1.8697901
1460,-1.8555144,-2.7799768,-1.8823036
1461,-1.939482,-2.61861,-1.795526
1462,-1.8885007,-2.5066977,-1.731196
1463,-1.9654286,-2.820032,-1.8845006
1464,-1.9282331,-2.598231,-1.7978055
1465,-1.7103707,-2.4324934,-1.5999401
1466,-2.1137629,-2.9014328,-1.9393002
1467,-1.8432659,-2.6480055,-1.7798629
1468,-1.9595377,-2.851192,-1.8269788
1469,-1.8824786,-2.6888103,-1.8452853
1470,-1.965869,-2.727323,-1.8269168
1471,-1.9204152,-2.8367057,-1.88546
1472,-2.1128778,-2.6964905,-1.8480257
1473,-2.1375678,-3.1926491,-1.9418087
1474,-1.7402456,-2.519717,-1.5604674
1475,-1.9023507,-2.4902587,-1.7181761
1476,-1.9017352,-2.837266,-1.8355924
1477,-2.0202854,-2.6611412,-1.8140357
1478,-1.8489466,-2.741928,-1.8958253
1479,-1.6785135,-2.6999218,-1.844013
1480,-2.2010484,-2.967714,-1.9542079
1481,-1.8179193,-2.5865085,-1.7139693
1482,-1.9429258,-2.5853763,-1.763239
1483,-1.8257663,-2.5260618,-1.6790662
1484,-1.8388001,-2.5699527,-1.6838459
1485,-1.4354146,-2.1932096,-1.4185483
1486,-2.0379696,-2.7809927,-1.791338
1487,-1.6298158,-2.2649395,-1.5160332
1488,-1.9910985,-2.740762,-1.8333753
1489,-1.8862237,-2.598234,-1.7221138
1490,-1.9701191,-2.8001642,-1.8654572
1491,-1.8665332,-2.5646584,-1.8009758
1492,-1.306104,-2.2598228,-1.4634991
1493,-1.8534559,-2.6330562,-1.7439731
1494,-1.9415113,-2.49644,-1.707021
1495,-2.1067412,-2.8729007,-1.909578
1496,-1.9972636,-2.713717,-1.8888683
1497,-1.7362564,-2.6851707,-1.8620756
1498,-2.1235027,-2.6763387,-1.804584
1499,-1.8258442,-2.4495924,-1.631131
1500,-1.962784,-2.5572507,-1.7757225
1501,-1.9130055,-2.5373552,-1.7171532
1502,-2.0126786,-2.7912843,-1.8112568
1503,-2.0099118,-2.8358088,-1.8414675
1504,-1.9675783,-2.8673813,-1.8055559
1505,-2.0248673,-2.8557782,-1.8613063
1506,-2.0874093,-2.9233928,-1.9523772
1507,-1.9486903,-2.7874925,-1.8081582
1508,-1.4462086,-2.3691244,-1.7121378
1509,-1.7918464,-2.647814,-1.7660118
1510,-1.8997617,-2.7562025,-1.8191358
1511,-1.8762826,-2.5382295,-1.6508017
1512,-2.1748862,-3.0014668,-1.9415325
1513,-1.9214939,-2.558916,-1.7447567
1514,-1.3450974,-2.0197709,-1.4048367
1515,-1.8261,-2.6145442,-1.7716987
1516,-1.7768726,-2.4583416,-1.6306124
1517,-2.035637,-2.928423,-1.8934113
1518,-2.0273106,-2.767313,-1.8372433
1519,-1.8581874,-2.7192829,-1.7656083
1520,-2.054219,-2.7136848,-1.8045872
1521,-1.8710337,-2.657856,-1.8170373
1522,-1.9006819,-2.4694743,-1.6613649
1523,-1.788311,-2.4748082,-1.6961939
1524,-1.9109551,-2.7262423,-1.9145496
1525,-1.8631225,-2.5563455,-1.7123561
1526,-1.8325272,-2.403891,-1.6579076
1527,-1.9222497,-2.478796,-1.7365674
1528,-1.8377049,-2.67217,-1.788061
1529,-2.033611,-2.9185412,-1.8750758
1530,-1.5949378,-2.4576557,-1.5598217
1531,-1.9654312,-2.5745916,-1.7655853
1532,-2.1010675,-2.9712873,-2.0452218
1533,-1.9108061,-2.5314128,-1.7560226
1534,-1.8171532,-2.550289,-1.7858627
1535,-1.6072621,-2.4225354,-1.5585327
1536,-1.8226848,-2.6553483,-1.8186191
1537,-1.936662,-2.5412612,-1.7494336
1538,-2.0219374,-2.7583385,-1.8446891
1539,-1.9158418,-2.6936822,-1.8248665
1540,-1.9248754,-2.4589722,-1.746706
1541,-1.9274572,-2.509429,-1.695901
1542,-1.7905289,-2.421798,-1.6467791
1543,-1.5224137,-2.4314287,-1.6456141
1544,-1.7800901,-2.5623395,-1.7565482
1545,-1.7323508,-2.5092459,-1.6588359
1546,-2.0660462,-2.8157964,-1.966001
1547,-1.9454918,-2.8820734,-1.9169073
1548,-1.8955472,-2.775591,-1.8197196
1549,-2.277279,-3.0083163,-1.8958124
1550,-2.3705444,-3.129705,-2.0638967
1551,-2.018797,-2.8574605,-1.9565338
1552,-1.6460533,-2.5537498,-1.7725534
1553,-1.8124164,-2.5608244,-1.7286804
1554,-1.9783561,-2.7194893,-1.8447926
1555,-2.0941718,-2.7174826,-1.8356199
1556,-1.8759849,-2.5820508,-1.7350425
1557,-2.0615263,-2.6851315,-1.8189995
1558,-2.0476766,-2.7018416,-1.7642123
1559,-1.9263545,-2.5552166,-1.7416155
1560,-2.0322754,-2.974379,-1.8639544
1561,-2.19598,-3.31737,-2.0118332
1562,-1.8311785,-2.6197608,-1.7889991
1563,-2.0808077,-2.7997053,-1.9511793
1564,-1.8214548,-2.5956376,-1.7414218
1565,-1.9614226,-2.695084,-1.8127685
1566,-1.8146205,-2.469304,-1.6894969
1567,-2.008494,-2.5640807,-1.7679423
1568,-2.1672866,-2.8362982,-1.9174849
1569,-1.8324997,-2.6469922,-1.787921
1570,-1.8579688,-2.6485026,-1.7769321
1571,-2.0866647,-2.7115777,-1.8278426
1572,-1.8220931,-2.4149988,-1.6600631
1573,-1.926361,-2.6367419,-1.6947284
1574,-2.0756543,-2.784678,-1.8225821
1575,-2.1743436,-2.8483055,-1.8567101
1576,-1.9656048,-2.651752,-1.7763554
1577,-1.8719707,-2.6079602,-1.8342372
1578,-1.8895459,-2.5985153,-1.7659234
1579,-2.081464,-2.818209,-1.9046204
1580,-1.8913994,-2.6681495,-1.7872952
1581,-1.8150047,-2.5335515,-1.767668
1582,-2.0987654,-2.8397722,-1.873297
1583,-2.0556233,-2.921817,-1.8887954
1584,-2.0770788,-2.5505967,-1.6539223
1585,-1.8511541,-2.638,-1.737031
1586,-2.1207328,-2.7139516,-1.8316481
1587,-1.7082694,-2.6747425,-1.7436604
1588,-2.0092423,-2.6920018,-1.8166027
1589,-1.8306756,-2.505815,-1.7134455
1590,-1.9793285,-2.8154347,-1.8714963
1591,-1.7915429,-2.376299,-1.6052096
1592,-1.9371228,-2.7162726,-1.8242278
1593,-1.9074583,-2.500289,-1.6809753
1594,-1.7548957,-2.3683643,-1.5677364
1595,-2.1633923,-2.8105059,-1.8069131
1596,-1.9007941,-2.4648252,-1.6330307
1597,-1.9369924,-2.5959342,-1.8193223
1598,-2.01129,-2.6574478,-1.785148
1599,-1.9206079,-2.6186628,-1.7946258
1600,-1.7664378,-2.6688678,-1.8089253
1601,-1.9106923,-2.593568,-1.7618523
1602,-2.0576818,-2.849463,-1.8571748
1603,-1.8391018,-2.7397277,-1.8300613
1604,-1.993924,-2.9344068,-1.8341511
1605,-2.0683908,-2.8743923,-1.9180982
1606,-1.8994642,-2.533192,-1.7904266
1607,-1.6990714,-2.1695187,-1.3730078
1608,-1.9775125,-2.6146255,-1.777729
1609,-2.1458092,-3.0371678,-2.0120494
1610,-2.0609426,-2.671226,-1.8449018
1611,-1.9931239,-2.6734364,-1.7640429
1612,-1.9728513,-2.836807,-1.8902663
1613,-1.9656413,-2.8759518,-1.8973541
1614,-1.8428439,-2.644983,-1.7484783
1615,-1.7873528,-2.5924358,-1.7527637
1616,-2.0825508,-3.0551758,-2.0065162
1617,-2.1241977,-2.8663623,-1.8578024
1618,-1.8187183,-2.720882,-1.8432232
1619,-1.8893371,-2.551788,-1.7788426
1620,-1.7600415,-2.4675186,-1.652414
1621,-1.9540594,-2.6783721,-1.7923158
1622,-1.9223757,-2.5874434,-1.7030606
1623,-1.8436054,-2.527933,-1.768635
1624,-1.787086,-2.5703766,-1.697826
1625,-1.6483111,-2.4977121,-1.6706513
1626,-1.6526215,-2.5240307,-1.649905
1627,-2.0361276,-2.670251,-1.8481977
1628,-1.8340342,-2.494406,-1.7131903
1629,-2.1221027,-2.957452,-1.9787626
1630,-1.622828,-2.3972151,-1.6070641
1631,-1.8733809,-2.8270347,-1.9256399
1632,-1.9655304,-2.8295245,-1.9168735
1633,-1.9016278,-2.5767992,-1.7775445
1634,-2.0065734,-2.9348512,-1.8302746
1635,-1.70267,-2.4548542,-1.6491668
1636,-1.6967587,-2.3515217,-1.5092381
1637,-1.9071311,-2.583879,-1.7576638
1638,-1.8730794,-2.622339,-1.7324499
1639,-2.0936801,-2.7885525,-1.8871443
1640,-1.9617659,-2.7463074,-1.7890548
1641,-1.7304335,-2.5871432,-1.8083543
1642,-1.825391,-2.5260372,-1.7416718
1643,-2.022275,-2.7492816,-1.8530678
1644,-1.9129456,-2.6714575,-1.8099464
1645,-1.7469571,-2.6269844,-1.7450694
1646,-2.3192742,-2.9351401,-1.8855007
1647,-1.9388335,-2.5774677,-1.7642326
1648,-1.7956334,-2.3685489,-1.7064785
1649,-1.9395477,-2.605404,-1.7922405
1650,-1.6229538,-2.2708902,-1.4782904
1651,-1.9979858,-2.9088917,-1.9311048
1652,-1.8863081,-2.7730122,-1.8437428
1653,-2.3206987,-3.26314,-1.8678997
1654,-1.9416351,-2.6175776,-1.8052927
1655,-2.012135,-2.8399365,-1.9373438
1656,-1.9968064,-2.8956363,-1.9063499
1657,-1.8394796,-2.6077201,-1.7865463
1658,-2.2230206,-2.927264,-1.9464564
1659,-2.0373507,-2.916749,-1.8802471
1660,-1.8889234,-2.6881125,-1.7992545
1661,-1.9978307,-2.708089,-1.8168151
1662,-1.9326462,-2.737301,-1.839464
1663,-2.144284,-2.8862782,-1.874667
1664,-2.052701,-2.816739,-1.8140154
1665,-1.6475712,-2.3229682,-1.5879757
1666,-1.837364,-2.655641,-1.7749757
1667,-1.8419743,-2.4703877,-1.6866913
1668,-1.9220629,-2.5818753,-1.733653
1669,-2.3248794,-2.5859385,-1.7523369
1670,-2.038584,-2.7676222,-1.8843658
1671,-1.8892226,-2.562973,-1.7342653
1672,-1.983849,-2.8809502,-1.9458469
1673,-2.047651,-2.7892644,-1.8538868
1674,-1.9428082,-2.675446,-1.806938
1675,-1.954066,-2.6131957,-1.834639
1676,-1.711794,-2.4977229,-1.6108465
1677,-1.9044274,-2.8073506,-1.8569471
1678,-2.0540252,-2.7164264,-1.8212326
1679,-1.8150716,-2.4688027,-1.7366635
1680,-1.9931687,-2.6862464,-1.8030185
1681,-1.8303962,-2.6585693,-1.7572292
1682,-1.6363297,-2.3302383,-1.5973603
1683,-1.4919074,-2.3141341,-1.5687739
1684,-2.0455604,-2.6277063,-1.7570885
1685,-1.7826746,-2.5117254,-1.6768436
1686,-1.8660152,-2.4351518,-1.7044126
1687,-2.0204475,-2.774843,-1.8263913
1688,-1.8500813,-2.4099393,-1.709155
1689,-1.9925272,-2.8075228,-1.83641
1690,-1.8439202,-2.6737802,-1.9075416
1691,-2.0086005,-2.9053798,-1.8659077
1692,-2.0378218,-2.9508185,-1.8494031
1693,-1.7524018,-2.4868917,-1.6901128
1694,-1.9625876,-2.7627542,-1.9282707
1695,-2.2776158,-3.5088792,-1.8668463
1696,-1.9757698,-2.8883033,-1.894087
1697,-1.9263783,-2.6741211,-1.793165
1698,-1.9316803,-2.721223,-1.7910236
1699,-2.1392086,-2.8101313,-1.8246185
1700,-2.0976207,-2.8289602,-1.964384
1701,-1.8650734,-2.4497552,-1.7021322
1702,-1.8210071,-2.493859,-1.659724
1703,-1.8895684,-2.3632944,-1.7074381
1704,-1.9642978,-2.8396292,-1.894502
1705,-1.9304802,-2.65379,-1.815119
1706,-1.6474116,-2.3591452,-1.5030844
1707,-1.8924909,-2.558776,-1.7538952
1708,-2.0454698,-3.0193095,-1.8538184
1709,-1.9539899,-2.726054,-1.8329905
1710,-1.9612294,-2.9409733,-1.9385538
1711,-1.9396805,-2.5365329,-1.7313807
1712,-1.6696062,-2.3869162,-1.5997362
1713,-1.7058599,-2.5304537,-1.6137291
1714,-1.8837945,-2.734535,-1.8397353
1715,-1.9680729,-2.684278,-1.8455031
1716,-2.0597887,-2.8954585,-1.8865821
1717,-1.9558653,-2.7089157,-1.8008943
1718,-1.8205702,-2.744962,-1.8873668
1719,-1.7190157,-2.4704912,-1.6984893
1720,-2.130616,-3.109061,-1.9642555
1721,-1.931304,-2.7187657,-1.831709
1722,-1.9929254,-2.9338605,-1.9665008
1723,-1.9953797,-2.7526362,-1.8952864
1724,-2.0081,-2.8480678,-1.8373963
1725,-1.868381,-2.700275,-1.7987062
1726,-1.9994493,-2.5399253,-1.802584
1727,-2.191012,-2.8212886,-1.8905283
1728,-1.8611535,-2.6051767,-1.7621756
1729,-1.3956473,-2.0999517,-1.4056013
1730,-2.011137,-2.8325129,-1.8191974
1731,-1.8462747,-2.7112687,-1.8219285
1732,-1.9581248,-2.1064763,-1.4701895
1733,-1.9800305,-2.933036,-1.8813441
1734,-2.0827107,-2.9307282,-1.843241
1735,-1.7910573,-2.48363,-1.6506726
1736,-1.8567485,-2.549447,-1.6703107
1737,-1.8499789,-2.67898,-1.8777319
1738,-1.8626846,-2.7418787,-1.8857764
1739,-1.9808755,-2.872473,-1.8798971
1740,-1.8151203,-2.6750524,-1.877056
1741,-1.9476495,-2.724974,-1.8543868
1742,-2.1649704,-2.8181877,-1.9027454
1743,-1.8055487,-2.6288831,-1.7376455
1744,-1.7553765,-2.488343,-1.6584041
1745,-1.6914095,-2.359557,-1.6152318
1746,-2.235117,-2.9921908,-1.9485979
1747,-1.9781505,-2.7046986,-1.8380599
1748,-2.0288968,-2.7922442,-1.9834453
1749,-1.9184598,-2.8022337,-1.8851905
1750,-1.8694255,-2.3921573,-1.5944396
1751,-1.7893635,-2.3273454,-1.6449167
1752,-1.8720014,-2.5030196,-1.7310003
1753,-2.298594,-3.0361018,-1.9527078
1754,-1.9422357,-2.3911614,-1.6220654
1755,-2.0975585,-2.7199972,-1.7844025
1756,-1.8290776,-2.5861135,-1.7746105
1757,-2.0405865,-2.8294146,-1.8513025
1758,-2.1665528,-3.0789933,-2.041541
1759,-1.7876786,-2.402854,-1.6074082
1760,-2.0508604,-2.5792572,-1.7426682
1761,-2.0867355,-2.7961202,-1.8580316
1762,-1.9710677,-2.7924774,-1.8256989
1763,-2.001287,-2.6701071,-1.7792193
1764,-1.95433,-2.8488202,-1.8608315
1765,-1.8875039,-2.7414773,-1.7928329
1766,-1.971305,-2.8235419,-1.8561256
1767,-1.764681,-2.5801537,-1.7124056
1768,-1.8439481,-2.4680462,-1.7418013
1769,-1.9690865,-2.7597218,-1.868856
1770,-1.9776628,-2.8228676,-1.8937805
1771,-2.012458,-2.506956,-1.7930443
1772,-1.8393555,-2.5600007,-1.7760549
1773,-2.12847,-2.914043,-1.900795
1774,-1.8592532,-2.8785603,-1.8575177
1775,-1.9758615,-2.6532073,-1.816576
1776,-2.0567095,-2.7915008,-1.9135369
1777,-1.8023847,-2.2157552,-1.4777775
1778,-2.021022,-2.8010125,-1.8687383
1779,-2.1044846,-2.6934142,-1.7755398
1780,-1.8066223,-2.2264748,-1.4791876
1781,-1.8371644,-2.3834052,-1.6269479
1782,-2.2618647,-2.6345222,-1.7539663
1783,-2.000911,-3.0851402,-2.0008054
1784,-1.8312087,-2.4350889,-1.7228662
1785,-2.0146306,-2.7120125,-1.8868431
1786,-2.1699843,-3.0233588,-1.9716076
1787,-1.9732039,-2.7679312,-1.8529228
1788,-2.0948377,-2.8902001,-1.9032354
1789,-2.0545943,-2.8484643,-1.8318597
1790,-1.9384826,-2.7434382,-1.7742182
1791,-1.876851,-2.6830018,-1.786461
1792,-1.9588386,-2.7172365,-1.8351378
1793,-1.9990668,-2.7058654,-1.8646514
1794,-2.0265396,-2.5156608,-1.7456923
1795,-2.2112246,-2.9165828,-2.0506763
1796,-1.9932193,-2.9184327,-1.951614
1797,-1.8138199,-2.540096,-1.745876
1798,-1.793562,-2.555483,-1.7310998
1799,-1.8984253,-2.6189797,-1.7259902
1800,-2.098488,-2.9497652,-2.01518
1801,-1.7816541,-2.4275076,-1.6893905
1802,-2.0428808,-2.8532407,-1.8406401
1803,-2.0172782,-2.766347,-1.7889527
1804,-2.1914241,-2.818288,-1.8484106
1805,-2.0926104,-2.7358787,-1.8326417
1806,-1.9169301,-2.73069,-1.8388556
1807,-2.069041,-2.722138,-1.7756218
1808,-2.0495453,-2.9921224,-1.9849515
1809,-2.001044,-2.9372718,-1.9779675
1810,-2.0845606,-2.8892753,-1.9320058
1811,-2.0201523,-3.0098882,-1.8763326
1812,-1.9157101,-2.5265808,-1.7336895
1813,-1.6317515,-2.365137,-1.5893967
1814,-2.059895,-2.8657022,-2.0590367
1815,-2.2034736,-2.8708038,-1.8740404
1816,-1.9131373,-2.5636435,-1.7994552
1817,-1.8704253,-2.6650693,-1.7860327
1818,-1.948203,-2.7692285,-1.8741956
1819,-1.8880157,-2.6823092,-1.7825266
1820,-2.2679937,-2.8813019,-1.8646531
1821,-2.1388326,-3.0220225,-1.8716633
1822,-2.108114,-3.070162,-1.9784684
1823,-1.8984753,-2.6828012,-1.7756845
1824,-2.0623927,-2.6629798,-1.7681423
1825,-2.1491587,-2.7010128,-1.8443105
1826,-1.8596234,-2.4083443,-1.7476603
1827,-2.071998,-2.7387135,-1.8460076
1828,-1.9028908,-2.5958645,-1.7538524
1829,-2.166433,-2.8617,-1.8564361
1830,-1.807794,-2.6515043,-1.7754006
1831,-1.9076469,-2.451542,-1.748781
1832,-2.098066,-2.8605409,-1.9325964
1833,-1.9362254,-2.5778208,-1.7397797
1834,-2.0757082,-2.9331985,-1.9257023
1835,-1.8873911,-2.6906822,-1.7724396
1836,-2.264567,-3.0933294,-1.8557158
1837,-1.9914254,-2.9168522,-2.022165
1838,-1.9736404,-2.6493134,-1.7962315
1839,-2.0627391,-2.8282871,-1.842817
1840,-2.0468636,-2.952928,-1.8362876
1841,-2.0468454,-2.6083946,-1.7955211
1842,-1.7887135,-2.496208,-1.672362
1843,-1.8965939,-2.570605,-1.7814634
1844,-1.995431,-2.8122609,-1.8502722
1845,-2.228688,-2.9564233,-1.9086993
1846,-1.8173821,-2.6184835,-1.7886117
1847,-2.1498523,-3.210329,-2.012321
1848,-1.884749,-2.6510267,-1.8163105
1849,-1.9011708,-2.822381,-1.9331013
1850,-1.8122027,-2.5040576,-1.7076526
1851,-2.0319867,-2.7969792,-1.799882
1852,-1.8301352,-2.6671457,-1.7456206
1853,-2.0929036,-2.8958251,-1.8929164
1854,-1.7411647,-2.3441112,-1.6268654
1855,-1.6348565,-2.400364,-1.6751784
1856,-1.9250102,-2.5852141,-1.7806845
1857,-1.7979943,-2.5091805,-1.6932974
1858,-1.6897418,-2.46614,-1.7678336
1859,-1.7255603,-2.3739877,-1.579307
1860,-1.9803823,-2.6071095,-1.779801
1861,-1.8748238,-2.654416,-1.7889657
1862,-2.0135064,-2.8690376,-1.8455541
1863,-1.7231373,-2.460656,-1.6975089
1864,-1.97544,-2.7453547,-1.849777
1865,-2.0614126,-2.8848176,-1.8681746
1866,-1.6162064,-2.303501,-1.5182849
1867,-2.061971,-2.691929,-1.8228601
1868,-2.117626,-2.7368965,-1.8282129
1869,-1.90605,-2.7020137,-1.8748615
1870,-1.9364581,-2.7485309,-1.8561045
1871,-1.9682925,-2.4553733,-1.8078822
1872,-1.8833549,-2.5620847,-1.6909137
1873,-2.0631218,-2.9579973,-1.9400489
1874,-2.1675823,-2.8636951,-1.9019592
1875,-1.9100529,-2.5465958,-1.7526588
1876,-1.9365422,-2.6795573,-1.8032955
1877,-1.7965908,-2.0481222,-1.6607016
1878,-1.8054785,-2.6145155,-1.7257628
1879,-1.937091,-2.6265023,-1.8050067
1880,-1.7967875,-2.5456643,-1.7150027
1881,-2.1403384,-3.1884344,-1.9546715
1882,-1.9900157,-2.7387898,-1.86525
1883,-1.8544717,-2.5859969,-1.745664
1884,-1.9806362,-2.8898065,-1.9499894
1885,-1.9862999,-2.7224774,-1.868252
1886,-1.9438796,-2.5794106,-1.6854626
1887,-2.07601,-2.8322427,-1.892795
1888,-1.8304878,-2.604019,-1.7686248
